Workbook

Sheet Sheet9
B4: Main Villa
B5: 1. Main Villa
B6: 2. MEP/BINT
B8: MULTIPURPOSE BLOCK & EXTERNAL WORKS
B9: 1. Compund Wall
B10: 2. Multipurpose Room

Sheet Level Cal
E3: DMD Level | F3: Design Level
D6: Gate Level | E6: =3.55+0.3 -> 3.85 | F6: 0 | G6: As per Setting out Plan Drg Ref, 30cm above road level
D8: Asphalt Road | E8: 3.55
B10: 3.425 | D10: OGL | E10: =N12 -> 3.72 | F10: =-(E6-E10) -> -0.13 | G10: As per the survey Report
L11: Points inside the Plot | M11: Min | N11: 3.13
D12: Foundation Level | E12: 2.35 | F12: =-(E6-E12) -> -1.5 | M12: Max | N12: 3.72
D14: PCC Level | E14: =E12-0.1 -> 2.25 | F14: =-(E6-E14) -> -1.6 | G14: PCC + Blinding 50mm | M14: OGL | N14: =SUM(N11:N12)/2 -> 3.425
D16: No Road Base
M17: Water Table
D18: Water Tank | E18: =E8-3.95 -> -0.4 | F18: =-(E6-E18) -> -4.25 | G18: Water Tank Footing level(-3.95)
Y19: WATER TANK
Y20: As per Sectional Plan
I21: =E10-E12 -> 1.37 | Y21: 1.5 | Z21: height
I22: =E6-E12 -> 1.5 | Y22: 0.5
D23: Water Table | E23: 0.6 | F23: =-(E6-E23) -> -3.25 | Y23: 1
Y24: 0.1
Y25: 0.2 | Z25: Top Slab
E26: =E12-0.25 -> 2.1 | Y26: 0.5 | Z26: Bottom Slab/Raft
Y27: =SUM(Y21:Y26) -> 3.8 | Z27: Depth
E28: =E6-3.6 -> 0.25
Y29: As per Structural Plan
E30: DMD Level | F30: Design Level | Y30: -3.1 | Z30: SSL
Y31: -0.5 | Z31: Raft Thickness
Y32: =Y30+Y31 -> -3.6 | Z32: Depth
D33: Gate Level | E33: =3.55+0.3 -> 3.85 | F33: 0 | Y33: 0.05 | Z33: Protection Screed
Y34: 0.05 | Z34: Blinding
D35: Asphalt Road | E35: 3.55 | Y35: 0.25 | Z35: Road Base
Y36: =Y32+-SUM(Y33:Y35) -> -3.95 | Z36: Total Depth
D37: OGL | E37: =+E10 -> 3.72 | F37: =-(E33-E37) -> -0.13
D39: Foundation Level | E39: 2.35 | F39: =-(E33-E39) -> -1.5
D41: PCC Level | E41: =E39-0.1 -> 2.25 | F41: =-(E33-E41) -> -1.6
D43: No Road Base
D45: Water Tank | E45: =E35-3.95 -> -0.4 | F45: =-(E33-E45) -> -4.25
D50: Water Table | E50: 0.6 | F50: =-(E33-E50) -> -3.25

Sheet SITE WORK 
A2: Project : | B2: VILLA 5SQ-A
A3: Employer : | B3: ISSA KHOORY VILLA
A4: Engineer : | B4: LOCI CONSULTANT
A5: Contractor : | B5: CONSTECH CONSTRUCTION
A6: PLOT NO: | B6: 6150477-NADD AL SHIBA SECOND
A9: MAIN VILLA
A10: SL NO. | B10: DESCRIPTION | C10: QTY | D10: UNIT | E10: BOQ QTY | F10: Diff
B12: Screed | C12: =PCC!R11 -> 44.067875
A13: 1 | B13: Site Clearance (29M X 38M) | C13: =(29*38)-C31 -> #REF! | D13: m2 | E13: 700 | F13: =C13-E13 -> #REF! | G13: LESS
A14: 2 | B14: Excavation - Option 1 - Mass Excavation | C14: =EARTHWORKS!O11 -> 1776 | D14: m3 | F14: =C14-E14 -> 1776 | G14: ADDITION
A15: 4 | B15: Back Filling | C15: =C14-SUMMARY!C13-SUMMARY!C15-SUMMARY!C16-SUMMARY!C19 -> -2388.1895 | D15: m3 | F15: =C15-E15 -> -2388.1895
A16: 5 | B16: Disposal | C16: =C14-C15 -> 4164.1895 | D16: m3 | F16: =C16-E16 -> 4164.1895
A17: 6 | B17: Soil Compaction | D17: m2 | F17: =C17-E17 -> 0
A18: 7 | B18: Antitermite - Horz | C18: =PCC!M11 -> 881.3575 | D18: m2 | F18: =C18-E18 -> 881.3575
A19: 8 | B19: Antitermite - Vert | C19: =PCC!N11+#REF! -> #REF! | D19: m2 | F19: =C19-E19 -> #REF!
A20: 9 | B20: Polythene Sheet | C20: =PCC!Q11 -> 881.3575 | D20: m2 | F20: =C20-E20 -> 881.3575
A21: 10 | B21: Road Base one layer 250mm thk | D21: m3 | F21: =C21-E21 -> 0
A23: 11 | B23: SUBSTRUCTURE WATER PROOFING - HORZ | C23: =PCC!O11+#REF! -> #REF!
B24: SUBSTRUCTURE WATER PROOFING - VERT | C24: =PCC!P11+#REF! -> #REF!
A27: MULTI PURPOSE ROOM
A28: SL NO. | B28: DESCRIPTION | C28: QTY | D28: UNIT | E28: BOQ QTY | F28: Diff
A30: 1 | B30: Site Clearance | C30: 265 | D30: m2 | E30: 60
A31: 2 | B31: Excavation - Option 1 - Mass Excavation | C31: =EARTHWORKS!#REF! -> #REF! | D31: m3 | F31: =C31-E31 -> #REF! | G31: ADDITION
A32: 4 | B32: Back Filling | D32: m3 | F32: =C32-E32 -> 0
A33: 5 | B33: Disposal | D33: m3 | F33: =C33-E33 -> 0
A34: 6 | B34: Soil Compaction | D34: m2 | F34: =C34-E34 -> 0
A35: 7 | B35: Antitermite - Horz | C35: =PCC!#REF! -> #REF! | D35: m2 | F35: =C35-E35 -> #REF!
A36: 8 | B36: Antitermite - Vert | C36: =PCC!#REF!+#REF! -> #REF! | D36: m2 | F36: =C36-E36 -> #REF!
A37: 9 | B37: Polythene Sheet | C37: =PCC!#REF! -> #REF! | D37: m2 | F37: =C37-E37 -> #REF!
A38: 10 | B38: Road Base one layer 250mm thk | D38: m3 | F38: =C38-E38 -> 0
B40: SUBSTRUCTURE WATER PROOFING - HORZ | C40: =PCC!#REF!+#REF! -> #REF!
B41: SUBSTRUCTURE WATER PROOFING - VERT | C41: =PCC!#REF!+#REF! -> #REF!

Sheet Level Cal (2)
E3: DMD Level | F3: Design Level | M3: DMD Level | N3: Design Level
D6: Gate Level | E6: =3.55+0.3 -> 3.85 | F6: 0 | G6: As per Setting out Plan Drg Ref, 30cm above road level | M6: =3.55+0.3 -> 3.85 | N6: 0
D8: Asphalt Road | E8: 3.55 | M8: 3.55
D10: OGL | E10: 3.425 | F10: =-(E6-E10) -> -0.425 | G10: As per the survey Report | M10: 2 | N10: =-(M6-M10) -> -1.85
C12: =E10-E12 -> 1.075 | D12: Foundation Level | E12: 2.35 | F12: =-(E6-E12) -> -1.5 | M12: =M10*C12 -> 2.15 | N12: =-(M6-M12) -> -1.7
D14: PCC Level | E14: =E12-0.1 -> 2.25 | F14: =-(E6-E14) -> -1.6 | G14: PCC + Blinding 50mm | M14: =M12-0.1 -> 2.05 | N14: =-(M6-M14) -> -1.8
D16: No Road Base
D18: Water Tank | E18: =E8-3.95 -> -0.4 | F18: =-(E6-E18) -> -4.25 | G18: Water Tank Footing level(-3.95) | M18: =M8-3.95 -> -0.4 | N18: =-(M6-M18) -> -4.25
U19: WATER TANK
U20: As per Sectional Plan
I21: =E10-E12 -> 1.075 | U21: 1.5 | V21: height
I22: =E6-E12 -> 1.5 | U22: 0.5
D23: Water Table | E23: 0.6 | F23: =-(E6-E23) -> -3.25 | M23: 0.6 | N23: =-(M6-M23) -> -3.25 | U23: 1
U24: 0.1
U25: 0.2 | V25: Top Slab
E26: =E12-0.25 -> 2.1 | M26: =M12-0.25 -> 1.9 | U26: 0.5 | V26: Bottom Slab/Raft
U27: =SUM(U21:U26) -> 3.8 | V27: Depth
E28: =E6-3.6 -> 0.25 | M28: =M6-3.6 -> 0.25
U29: As per Structural Plan
U30: -3.1 | V30: SSL
U31: -0.5 | V31: Raft Thickness
U32: =U30+U31 -> -3.6 | V32: Depth
U33: 0.05 | V33: Protection Screed
U34: 0.05 | V34: Blinding
U35: 0.25 | V35: Road Base
U36: =U32+-SUM(U33:U35) -> -3.95 | V36: Total Depth

Sheet EARTHWORKS
A1: Project : | B1: KHANNA VILLA, 3630160-AL MANARA DUBAI
A2: Employer : | B2: TARUN HARISH CHNADRA KHANNA
A3: Engineer : | B3: LOCI CONSULTANT
A4: Contractor : | B4: CONSTECH CONSTRUCTION
A6: EARTHWORKS- MAIN VILLA
A8: SI NO | B8: DRW NO | C8: REV | D8: LOCATION | E8: DESCRIPTION | F8: OGL | G8: Foundation PCC Lvl | H8: NO | I8: LENGTH | K8: WIDTH | M8: DEPTH | N8: AREA | O8: EXCAVATION | P8: LESS 300M3 TO RETAIN | Q8: +30% Shrinkage factor | R8: QUERY | S8: ANSWER
I9: (m) | K9: (m) | M9: (m) | N9: (m²) | O9: (m³)
A11: A | B11: EXCAVATION MAIN VILLA | N11: =MROUND(N15,1) -> 1038 | O11: =MROUND(O15,1) -> 1776
A12: 1 | B12: S-105 | C12: R0 | E12: MASS EXCAVATION- MAIN VILLA | F12: ='Level Cal'!$F$10 -> -0.13 | G12: ='Level Cal'!$F$14 -> -1.6 | H12: 1 | I12: 942.7 | M12: =-(G12-F12) -> 1.47 | N12: =H12*I12 -> 942.7 | O12: =H12*M12*N12 -> 1385.769 | R12: Refer Level Calculation
E13: WATER TANK | F13: ='Level Cal'!F10 -> -0.13 | G13: ='Level Cal'!F18 -> -4.25 | H13: 1 | I13: 94.8 | M13: =-(G13-F13) -> 4.12 | N13: =H13*I13 -> 94.8 | O13: =H13*M13*N13 -> 390.576 | R13: Refer Level Calculation
E15: TOTAL | N15: =SUM(N12:N14) -> 1037.5 | O15: =SUM(O12:O14) -> 1776.345 | P15: =O15-300 -> 1476.345 | Q15: =P15*1.3 -> 1919.2485
A18: A | B18: BACKFILL MAIN VILLA | N18: =MROUND(N25,1) -> 76 | O18: =MROUND(O25,1) -> 1009
A19: 1 | C19: R0 | E19: MASS EXCAVATION- MAIN VILLA | O19: =O12 -> 1385.769
E20: VOLUME OF CONCRETE (FOOTING) | O20: =-SUM('Concrete Substructure'!K14:K27) -> -138.562
E21: VOLUME OF NECK COLUMN | O21: =-SUM('Concrete Substructure'!K45:K57) -> -7.0125
E22: VOLUME OF LIFT PIT | M22: 2 | N22: 5 | O22: =M22*N22*-1 -> -10
E23: WATER TANK | M23: ='Concrete Substructure'!I42 -> 3.1 | N23: ='Concrete Substructure'!J26 -> 71.2 | O23: =M23*N23*-1 -> -220.72 | R23: Refer Level Calculation
E25: TOTAL | N25: =SUM(N19:N24) -> 76.2 | O25: =SUM(O19:O24) -> 1009.4745
E27: DISPOSAL | O27: =O15-O25 -> 766.8705

Sheet PCC
A2: Project : | B2: KHANNA VILLA, 3630160-AL MANARA DUBAI
A3: Employer : | B3: TARUN HARISH CHNADRA KHANNA
A4: Engineer : | B4: LOCI CONSULTANT
A5: Contractor : | B5: CONSTECH CONSTRUCTION
A6: PCC - MAIN VILLA
A8: SI NO | B8: DRW NO | C8: REV | D8: LOCATION | E8: DESCRIPTION | F8: NO | G8: LENGTH | H8: WIDTH | I8: DEPTH | J8: AREA | K8: CONCRETE QTY | L8: SHUTTERING | M8: ANTI TERMITE Horz | N8: ANTI TERMITE Vert | O8: WATER PROOFING HORZ | P8: WATER PROOFING VERT | Q8: POLYTHENE SHEET | R8: 50mm thk Protection Screed | S8: Road Base | T8: QUERY | U8: ANSWER
G9: (m) | H9: (m) | I9: (m) | J9: (m²) | K9: (m³) | L9: (m²) | M9: (m²) | N9: (m²) | O9: (m²) | P9: (m²) | Q9: (m²) | R9: (m³) | S9: (m²)
A11: A. | B11: PCC | K11: =K45 -> 44.067875 | L11: =L45 -> 60.49 | M11: =M45 -> 881.3575 | N11: =N45 -> 60.49 | O11: =O45 -> 881.3575 | P11: =P45 -> 60.49 | Q11: =Q45 -> 881.3575 | R11: =R45 -> 44.067875 | S11: =S45 -> 881.3575
A13: 1 | B13: 269-S-100 | C13: R0 | D13: FOOTING
E14: F1 | F14: 4 | G14: 1.3 | H14: 1.6 | I14: 0.05 | J14: =F14*G14*H14 -> 8.32 | K14: =J14*I14 -> 0.416 | L14: =F14*2*(G14+H14)*I14 -> 1.16 | M14: =J14 -> 8.32 | N14: =L14 -> 1.16 | O14: =J14 -> 8.32 | P14: =L14 -> 1.16 | Q14: =J14 -> 8.32 | R14: =J14*0.05 -> 0.416 | S14: =J14 -> 8.32
E15: F2 | F15: 2 | G15: 1.4 | H15: 1.8 | I15: 0.05 | J15: =F15*G15*H15 -> 5.04 | K15: =J15*I15 -> 0.252 | L15: =F15*2*(G15+H15)*I15 -> 0.64 | M15: =J15 -> 5.04 | N15: =L15 -> 0.64 | O15: =J15 -> 5.04 | P15: =L15 -> 0.64 | Q15: =J15 -> 5.04 | R15: =J15*0.05 -> 0.252 | S15: =J15 -> 5.04
E16: F3 | F16: 2 | G16: 1.5 | H16: 1.8 | I16: 0.05 | J16: =F16*G16*H16 -> 5.4 | K16: =J16*I16 -> 0.27 | L16: =F16*2*(G16+H16)*I16 -> 0.66 | M16: =J16 -> 5.4 | N16: =L16 -> 0.66 | O16: =J16 -> 5.4 | P16: =L16 -> 0.66 | Q16: =J16 -> 5.4 | R16: =J16*0.05 -> 0.27 | S16: =J16 -> 5.4
E17: F4 | F17: 3 | G17: 2 | H17: 2.3 | I17: 0.05 | J17: =F17*G17*H17 -> 13.8 | K17: =J17*I17 -> 0.69 | L17: =F17*2*(G17+H17)*I17 -> 1.29 | M17: =J17 -> 13.8 | N17: =L17 -> 1.29 | O17: =J17 -> 13.8 | P17: =L17 -> 1.29 | Q17: =J17 -> 13.8 | R17: =J17*0.05 -> 0.69 | S17: =J17 -> 13.8
E18: F5 | F18: 4 | G18: 2.1 | H18: 2.5 | I18: 0.05 | J18: =F18*G18*H18 -> 21 | K18: =J18*I18 -> 1.05 | L18: =F18*2*(G18+H18)*I18 -> 1.84 | M18: =J18 -> 21 | N18: =L18 -> 1.84 | O18: =J18 -> 21 | P18: =L18 -> 1.84 | Q18: =J18 -> 21 | R18: =J18*0.05 -> 1.05 | S18: =J18 -> 21
E19: F6 | F19: 4 | G19: 2.3 | H19: 2.9 | I19: 0.05 | J19: =F19*G19*H19 -> 26.68 | K19: =J19*I19 -> 1.334 | L19: =F19*2*(G19+H19)*I19 -> 2.08 | M19: =J19 -> 26.68 | N19: =L19 -> 2.08 | O19: =J19 -> 26.68 | P19: =L19 -> 2.08 | Q19: =J19 -> 26.68 | R19: =J19*0.05 -> 1.334 | S19: =J19 -> 26.68
E20: F7 | F20: 2 | G20: 2.4 | H20: 3.2 | I20: 0.05 | J20: =F20*G20*H20 -> 15.36 | K20: =J20*I20 -> 0.768 | L20: =F20*2*(G20+H20)*I20 -> 1.12 | M20: =J20 -> 15.36 | N20: =L20 -> 1.12 | O20: =J20 -> 15.36 | P20: =L20 -> 1.12 | Q20: =J20 -> 15.36 | R20: =J20*0.05 -> 0.768 | S20: =J20 -> 15.36
E21: CF1 | F21: 1 | G21: 1.5 | H21: 3.2 | I21: 0.05 | J21: =F21*G21*H21 -> 4.8 | K21: =J21*I21 -> 0.24 | L21: =F21*2*(G21+H21)*I21 -> 0.47 | M21: =J21 -> 4.8 | N21: =L21 -> 0.47 | O21: =J21 -> 4.8 | P21: =L21 -> 0.47 | Q21: =J21 -> 4.8 | R21: =J21*0.05 -> 0.24 | S21: =J21 -> 4.8
E22: CF2 | F22: 2 | G22: 2.1 | H22: 4 | I22: 0.05 | J22: =F22*G22*H22 -> 16.8 | K22: =J22*I22 -> 0.84 | L22: =F22*2*(G22+H22)*I22 -> 1.22 | M22: =J22 -> 16.8 | N22: =L22 -> 1.22 | O22: =J22 -> 16.8 | P22: =L22 -> 1.22 | Q22: =J22 -> 16.8 | R22: =J22*0.05 -> 0.84 | S22: =J22 -> 16.8
E23: CF3 Raft 3 | F23: 1 | I23: 0.05 | J23: =15.8*1.1 -> 17.38 | K23: =J23*I23 -> 0.869 | L23: =17.1*I23 -> 0.855 | M23: =J23 -> 17.38 | N23: =L23 -> 0.855 | O23: =J23 -> 17.38 | P23: =L23 -> 0.855 | Q23: =J23 -> 17.38 | R23: =J23*0.05 -> 0.869 | S23: =J23 -> 17.38
E24: FC1 | F24: 37 | G24: 1.1 | H24: 1.3 | I24: 0.05 | J24: =F24*G24*H24 -> 52.91 | K24: =J24*I24 -> 2.6455 | L24: =F24*2*(G24+H24)*I24 -> 8.88 | M24: =J24 -> 52.91 | N24: =L24 -> 8.88 | O24: =J24 -> 52.91 | P24: =L24 -> 8.88 | Q24: =J24 -> 52.91 | R24: =J24*0.05 -> 2.6455 | S24: =J24 -> 52.91
E25: FC2 | F25: 3 | G25: 1.05 | H25: 1.05 | I25: 0.05 | J25: =F25*G25*H25 -> 3.3075 | K25: =J25*I25 -> 0.165375 | L25: =F25*2*(G25+H25)*I25 -> 0.63 | M25: =J25 -> 3.3075 | N25: =L25 -> 0.63 | O25: =J25 -> 3.3075 | P25: =L25 -> 0.63 | Q25: =J25 -> 3.3075 | R25: =J25*0.05 -> 0.165375 | S25: =J25 -> 3.3075
E26: Raft 1 | F26: 1 | I26: 0.05 | J26: =71.2*1.1 -> 78.32 | K26: =J26*I26 -> 3.916 | L26: =44.1*I26 -> 2.205 | M26: =J26 -> 78.32 | N26: =L26 -> 2.205 | O26: =J26 -> 78.32 | P26: =L26 -> 2.205 | Q26: =J26 -> 78.32 | R26: =J26*0.05 -> 3.916 | S26: =J26 -> 78.32
E27: Raft 2 | F27: 1 | I27: 0.05 | J27: =51.9*1.1 -> 57.09 | K27: =J27*I27 -> 2.8545 | L27: =32.2*I27 -> 1.61 | M27: =J27 -> 57.09 | N27: =L27 -> 1.61 | O27: =J27 -> 57.09 | P27: =L27 -> 1.61 | Q27: =J27 -> 57.09 | R27: =J27*0.05 -> 2.8545 | S27: =J27 -> 57.09
A29: 2 | B29: 269-S-100 | C29: R0 | D29: STRAP BEAMS | E29: SB1 | F29: 1 | G29: 8.5 | H29: 0.25 | I29: 0.05 | J29: =F29*G29*H29 -> 2.125 | K29: =J29*I29 -> 0.10625 | L29: =F29*2*(G29+H29)*I29 -> 0.875 | M29: =J29 -> 2.125 | N29: =L29 -> 0.875 | O29: =J29 -> 2.125 | P29: =L29 -> 0.875 | Q29: =J29 -> 2.125 | R29: =J29*0.05 -> 0.10625 | S29: =J29 -> 2.125
A31: 3 | B31: 269-S-101-A | C31: R0 | D31: GROUND BEAMS | E31: GB1 | F31: 1 | G31: 164.4 | H31: 0.25 | I31: 0.05 | J31: =F31*G31*H31 -> 41.1 | K31: =J31*I31 -> 2.055 | L31: =F31*2*(G31+H31)*I31 -> 16.465 | M31: =J31 -> 41.1 | N31: =L31 -> 16.465 | O31: =J31 -> 41.1 | P31: =L31 -> 16.465 | Q31: =J31 -> 41.1 | R31: =J31*0.05 -> 2.055 | S31: =J31 -> 41.1
E32: GB2 | F32: 1 | G32: 18.4 | H32: 0.3 | I32: 0.05 | J32: =F32*G32*H32 -> 5.52 | K32: =J32*I32 -> 0.276 | L32: =F32*2*(G32+H32)*I32 -> 1.87 | M32: =J32 -> 5.52 | N32: =L32 -> 1.87 | O32: =J32 -> 5.52 | P32: =L32 -> 1.87 | Q32: =J32 -> 5.52 | R32: =J32*0.05 -> 0.276 | S32: =J32 -> 5.52
E33: GB3 | F33: 1 | G33: 13.2 | H33: 0.25 | I33: 0.05 | J33: =F33*G33*H33 -> 3.3 | K33: =J33*I33 -> 0.165 | L33: =F33*2*(G33+H33)*I33 -> 1.345 | M33: =J33 -> 3.3 | N33: =L33 -> 1.345 | O33: =J33 -> 3.3 | P33: =L33 -> 1.345 | Q33: =J33 -> 3.3 | R33: =J33*0.05 -> 0.165 | S33: =J33 -> 3.3
E34: GB4 | F34: 1 | G34: 14.9 | H34: 0.3 | I34: 0.05 | J34: =F34*G34*H34 -> 4.47 | K34: =J34*I34 -> 0.2235 | L34: =F34*2*(G34+H34)*I34 -> 1.52 | M34: =J34 -> 4.47 | N34: =L34 -> 1.52 | O34: =J34 -> 4.47 | P34: =L34 -> 1.52 | Q34: =J34 -> 4.47 | R34: =J34*0.05 -> 0.2235 | S34: =J34 -> 4.47
E35: GB5 | F35: 1 | G35: 21.3 | H35: 0.25 | I35: 0.05 | J35: =F35*G35*H35 -> 5.325 | K35: =J35*I35 -> 0.26625 | L35: =F35*2*(G35+H35)*I35 -> 2.155 | M35: =J35 -> 5.325 | N35: =L35 -> 2.155 | O35: =J35 -> 5.325 | P35: =L35 -> 2.155 | Q35: =J35 -> 5.325 | R35: =J35*0.05 -> 0.26625 | S35: =J35 -> 5.325
E36: GB6 | F36: 1 | G36: 3.5 | H36: 0.25 | I36: 0.05 | J36: =F36*G36*H36 -> 0.875 | K36: =J36*I36 -> 0.04375 | L36: =F36*2*(G36+H36)*I36 -> 0.375 | M36: =J36 -> 0.875 | N36: =L36 -> 0.375 | O36: =J36 -> 0.875 | P36: =L36 -> 0.375 | Q36: =J36 -> 0.875 | R36: =J36*0.05 -> 0.04375 | S36: =J36 -> 0.875
E37: GB7 | F37: 1 | G37: 1.5 | H37: 0.25 | I37: 0.05 | J37: =F37*G37*H37 -> 0.375 | K37: =J37*I37 -> 0.01875 | L37: =F37*2*(G37+H37)*I37 -> 0.175 | M37: =J37 -> 0.375 | N37: =L37 -> 0.175 | O37: =J37 -> 0.375 | P37: =L37 -> 0.175 | Q37: =J37 -> 0.375 | R37: =J37*0.05 -> 0.01875 | S37: =J37 -> 0.375
E38: B | F38: 1 | G38: 110.3 | H38: 0.2 | I38: 0.05 | J38: =F38*G38*H38 -> 22.06 | K38: =J38*I38 -> 1.103 | L38: =F38*2*(G38+H38)*I38 -> 11.05 | M38: =J38 -> 22.06 | N38: =L38 -> 11.05 | O38: =J38 -> 22.06 | P38: =L38 -> 11.05 | Q38: =J38 -> 22.06 | R38: =J38*0.05 -> 1.103 | S38: =J38 -> 22.06
A40: 4 | B40: 269-S-101-B | C40: R0 | D40: GRADE SLAB | F40: 1 | G40: 470 | I40: 0.05 | J40: =F40*G40 -> 470 | K40: =J40*I40 -> 23.5 | M40: =J40 -> 470 | N40: =L40 -> 0 | O40: =J40 -> 470 | P40: =L40 -> 0 | Q40: =J40 -> 470 | R40: =J40*0.05 -> 23.5 | S40: =J40 -> 470
A42: 5 | B42: S-504 | C42: R0 | D42: WATER Tank | E42: Included in Raft 1 | J42: =F42*G42 -> 0 | K42: =J42*I42 -> 0 | L42: =F42*140*I42 -> 0
A45: TOTAL | J45: =SUM(J28:J44) -> 555.15 | K45: =SUM(K13:K44) -> 44.067875 | L45: =SUM(L13:L44) -> 60.49 | M45: =SUM(M13:M44) -> 881.3575 | N45: =SUM(N13:N44) -> 60.49 | O45: =SUM(O13:O44) -> 881.3575 | P45: =SUM(P13:P44) -> 60.49 | Q45: =SUM(Q13:Q44) -> 881.3575 | R45: =SUM(R13:R44) -> 44.067875 | S45: =SUM(S13:S44) -> 881.3575
D49: ANTI TERMITE
D50: VERTICAL
D51: Footings | E51: 479.8 | F51: =EARTHWORKS!#REF! -> #REF! | G51: =E51*F51 -> #REF!
D52: Water Tank | E52: 31.6 | F52: =EARTHWORKS!M13 -> 4.12 | G52: =E52*F52 -> 130.192
G53: =SUM(G51:G52) -> #REF!

Sheet Waterproofing Works
A2: Project : | B2: KHANNA VILLA, 3630160-AL MANARA DUBAI
A3: Employer : | B3: TARUN HARISH CHNADRA KHANNA
A4: Engineer : | B4: LOCI CONSULTANT
A5: Contractor : | B5: CONSTECH CONSTRUCTION
A6: WATERPROOFING WORKS
A8: SI NO | B8: DRW NO | C8: REV | D8: LOCATION | E8: DESCRIPTION | F8: NO | G8: LENGTH | H8: WIDTH | I8: DEPTH | J8: AREA | K8: CONCRETE QTY | L8: SHUTTERING | M8: ANTI TERMITE Horz | N8: ANTI TERMITE Vert | O8: WATER PROOFING HORZ | P8: WATER PROOFING VERT | Q8: POLYTHENE SHEET | R8: 50mm thk Protection Screed | S8: QUERY | T8: ANSWER
G9: (m) | H9: (m) | I9: (m) | J9: (m²) | K9: (m³) | L9: (m²) | M9: (m²) | N9: (m²) | O9: (m²) | P9: (m²) | Q9: (m²) | R9: (m³)
A11: A. | B11: PCC | K11: =K124 -> 2.16 | L11: =L124 -> 6.48 | M11: =M124 -> 7.2 | N11: =N124 -> 6.48 | O11: =O124 -> 7.2 | P11: =P124 -> 6.48 | Q11: =Q124 -> 7.2 | R11: =R124 -> 0.36
A13: 1 | B13: WATER TANK | C13: R0 | D13: FOOTING
E14: F1 | F14: 4 | G14: 1.2 | H14: 1.5 | I14: 0.3 | J14: =F14*G14*H14 -> 7.2 | K14: =J14*I14 -> 2.16 | L14: =F14*2*(G14+H14)*I14 -> 6.48 | M14: =J14 -> 7.2 | N14: =L14 -> 6.48 | O14: =J14 -> 7.2 | P14: =L14 -> 6.48 | Q14: =J14 -> 7.2 | R14: =J14*0.05 -> 0.36
B16: WET AREAS | C16: R0 | D16: GROUND FLOOR
A17: 2 | D17: Guest Bathroom | E17: Horizontal | F17: 1 | J17: 6.75
E18: Vertical @ Shower Area | F18: 1 | G18: 6 | I18: 2.25 | J18: =PRODUCT(F18:I18) -> 13.5
E19: Vertical @ WC Area | F19: 1 | G19: 1.68 | I19: 0.6 | J19: =PRODUCT(F19:I19) -> 1.008
E20: Vertical @ Sink Area | F20: 1 | G20: 2.7 | I20: 0.6 | J20: =PRODUCT(F20:I20) -> 1.62
E21: 150mm above FFL | F21: 1 | G21: =0.75+0.3+0.3+0.2 -> 1.55
D23: Maids Bathroom | E23: Horizontal | F23: 1 | J23: 6.2
E24: Vertical @ Shower Area | F24: 1 | G24: 3.58 | I24: 2.25 | J24: =PRODUCT(F24:I24) -> 8.055
E25: Vertical @ WC Area | F25: 1 | G25: 4.1 | I25: 0.6 | J25: =PRODUCT(F25:I25) -> 2.46
E26: Vertical @ Sink Area | F26: 1 | G26: 2.87 | I26: 0.6 | J26: =PRODUCT(F26:I26) -> 1.722
E27: 150mm above FFL | F27: 1 | G27: =1.55+2.21+0.71 -> 4.47
D29: Drivers Bathroom | E29: Horizontal | F29: 1 | J29: 4.7
E30: Vertical @ Shower Area | F30: 1 | G30: 4.24 | I30: 2.25 | J30: =PRODUCT(F30:I30) -> 9.54
E31: Vertical @ WC Area | F31: 1 | G31: 1.86 | I31: 0.6 | J31: =PRODUCT(F31:I31) -> 1.116
E32: Vertical @ Sink Area | F32: 1 | G32: 1.64 | I32: 0.6 | J32: =PRODUCT(F32:I32) -> 0.984
E33: 150mm above FFL | F33: 1 | G33: 0.8
D35: Laundry Area | E35: Horizontal | F35: 1 | J35: 7.615
E36: Vertical @ Shower Area | F36: 1
E37: Vertical @ Machine Area | F37: 1 | I37: 0.6 | J37: =PRODUCT(F37:I37) -> 0.6
E38: Vertical @ Sink Area | F38: 1
E39: 150mm above FFL | F39: 1 | G39: =3.37*2 -> 6.74
D41: Powder Room 01 | E41: Horizontal | F41: 1 | J41: 3.1
E42: Vertical @ Shower Area | F42: 1
E43: Vertical @ WC Area | F43: 1 | G43: 2.76 | I43: 0.6 | J43: =PRODUCT(F43:I43) -> 1.656
E44: Vertical @ Sink Area | F44: 1 | G44: 1.47 | I44: 0.6 | J44: =PRODUCT(F44:I44) -> 0.882
E45: 150mm above FFL | F45: 1 | G45: =0.53+2.05 -> 2.58
D47: Powder Room 02 | E47: Horizontal | F47: 1 | J47: 3.1
E48: Vertical @ Shower Area | F48: 1
E49: Vertical @ WC Area | F49: 1 | G49: 2.76 | I49: 0.6 | J49: =PRODUCT(F49:I49) -> 1.656
E50: Vertical @ Sink Area | F50: 1 | G50: 1.47 | I50: 0.6 | J50: =PRODUCT(F50:I50) -> 0.882
E51: 150mm above FFL | F51: 1 | G51: =G45 -> 2.58
D53: BOH Kitchen | E53: Horizontal | F53: 1 | J53: 22.9
E54: Vertical @ Shower Area | F54: 1
E55: Vertical @ Machine Area | F55: 1 | I55: 0.6 | J55: =PRODUCT(F55:I55) -> 0.6
E56: Vertical @ Sink Area | F56: 1
E57: 150mm above FFL | F57: 1 | G57: =12.45+4.72 -> 17.17
B59: WET AREAS | C59: R0 | D59: FIRST FLOOR
D60: Bathroom 5 / Ameeras | E60: Horizontal | F60: 1 | J60: 7.3
E61: Vertical @ Shower Area | F61: 1 | G61: 2.9 | I61: 2.25 | J61: =PRODUCT(F61:I61) -> 6.525
E62: Vertical @ WC Area | F62: 1 | G62: 1.53 | I62: 0.6 | J62: =PRODUCT(F62:I62) -> 0.918
E63: Vertical @ Sink Area | F63: 1 | G63: 3.8 | I63: 0.6 | J63: =PRODUCT(F63:I63) -> 2.28
E64: 150mm above FFL | F64: 1 | G64: =1.1+1.1 -> 2.2
D66: Bathroom 4 / Alias | E66: Horizontal | F66: 1 | J66: 8.8
E67: Vertical @ Shower Area | F67: 1 | G67: 3.12 | I67: 2.25 | J67: =PRODUCT(F67:I67) -> 7.02
E68: Vertical @ WC Area | F68: 1 | G68: 1.78 | I68: 0.6 | J68: =PRODUCT(F68:I68) -> 1.068
E69: Vertical @ Sink Area | F69: 1 | G69: 4 | I69: 0.6 | J69: =PRODUCT(F69:I69) -> 2.4
E70: 150mm above FFL | F70: 1 | G70: 2.24
D72: Master 1 Bathroom | E72: Horizontal | F72: 1 | J72: 15
E73: Vertical @ Shower Area | F73: 1 | G73: 4.16 | I73: 2.25 | J73: =PRODUCT(F73:I73) -> 9.36
E74: Vertical @ WC Area | F74: 1 | G74: 3.57 | I74: 0.6 | J74: =PRODUCT(F74:I74) -> 2.142
E75: Vertical @ Sink Area | F75: 1 | G75: 7.32 | I75: 0.6 | J75: =PRODUCT(F75:I75) -> 4.392
E76: 150mm above FFL | F76: 1 | G76: =3.01+1.75+0.84 -> 5.6
D78: Master 2 Bathroom | E78: Horizontal | F78: 1 | J78: 11
E79: Vertical @ Shower Area | F79: 1 | G79: 3.16 | I79: 2.25 | J79: =PRODUCT(F79:I79) -> 7.11
E80: Vertical @ WC Area | F80: 1 | G80: 2.52 | I80: 0.6 | J80: =PRODUCT(F80:I80) -> 1.512
E81: Vertical @ Sink Area | F81: 1 | G81: 4.5 | I81: 0.6 | J81: =PRODUCT(F81:I81) -> 2.7
E82: 150mm above FFL | F82: 1 | G82: =1.32+1.33 -> 2.65
D84: Terrace | J84: 22
D86: Roof Gravel/ Planters | E86: Horizontal | J86: 39
E87: Vertical
D89: Garage Roof | J89: 60.8
B91: WET AREAS | C91: R0 | D91: ROOF FLOOR
D92: Bathroom 6 | E92: Horizontal | F92: 1 | J92: 5.2
E93: Vertical @ Shower Area | F93: 1 | G93: 5.46 | I93: 2.25 | J93: =PRODUCT(F93:I93) -> 12.285
E94: Vertical @ WC Area | F94: 1 | G94: 2.21 | I94: 0.6 | J94: =PRODUCT(F94:I94) -> 1.326
E95: Vertical @ Sink Area | F95: 1 | G95: 2.2 | I95: 0.6 | J95: =PRODUCT(F95:I95) -> 1.32
E96: 150mm above FFL | F96: 1
D98: Terrace | J98: 25.96
D99: MEP Zone | J99: 77
D100: Roof Garden | J100: 6.6
D101: Roof Gravel | J101: 240
B103: WET AREAS | C103: R0 | D103: UPPER ROOF FLOOR
D104: Roof Gravel | J104: 106
D106: Horizontally | J106: =J92+J78+J72+J66+J60+J53+J47+J41+J35+J29+J23+J17 -> 101.665
D107: To Shower Areas | J107: =J18+J24+J30+J61+J67+J73+J79+J93 -> 73.395
D108: To wc areas (vertically) | J108: =J19+J25+J31+J62+J68+J74+J80+J94+J43+J49 -> 14.862
D109: To washbasin areas (vertically) | J109: =J20+J26+J32+J63+J69+J75+J81+J95+J44+J50 -> 19.182
D110: Vertically, 150mm above FFL | G110: =G96+G82+G76+G70+G64+G57+G51+G45+G39+G33+G27+G21 -> 48.58
D111: Balcony | J111: =J84+J98+J100 -> 54.56
D112: Roof Gravel | J112: =J104+J101+J86 -> 385
D113: Garage Roof | J113: =J89 -> 60.8
B115: GRP LINING
D116: Water Tank | E116: Ceiling | J116: 14.2
E117: Floor | J117: =J116 -> 14.2
E118: Walls | F118: 1 | G118: 22 | I118: 3 | J118: =F118*G118*I118 -> 66
A124: TOTAL | J124: =SUM(J29:J45) -> 30.193 | K124: =SUM(K13:K45) -> 2.16 | L124: =SUM(L13:L45) -> 6.48 | M124: =SUM(M13:M45)-M43 -> 7.2 | N124: =SUM(N13:N45) -> 6.48 | O124: =SUM(O13:O45) -> 7.2 | P124: =SUM(P13:P45) -> 6.48 | Q124: =SUM(Q13:Q45) -> 7.2 | R124: =SUM(R13:R45) -> 0.36
D128: FIRST FLOOR
D129: Balcony | E129: 22 | H129: BA
D130: Balcony | E130: =105.45*0.15 -> 15.8175
D131: Balcony; Roof Garden | E131: =6.6 -> 6.6
...

Sheet Concrete Substructure
A2: Project : | B2: KHANNA VILLA, 3630160-AL MANARA DUBAI
A3: Employer : | B3: TARUN HARISH CHNADRA KHANNA
A4: Engineer : | B4: LOCI CONSULTANT
A5: Contractor : | B5: CONSTECH CONSTRUCTION
A6: SUBSTRUCTURE CONCRETE
A8: SI NO | B8: DRW NO | C8: REV | D8: LOCATION | E8: DESCRIPTION | F8: NO | G8: LENGTH | H8: WIDTH | I8: DEPTH | J8: AREA | K8: CONCRETE QTY | L8: SHUTTERING | M8: ANTI TERMITE Horz | N8: ANTI TERMITE Vert | O8: WATER PROOFING HORZ | P8: WATER PROOFING VERT | Q8: POLYTHENE SHEET | R8: 50mm thk Protection Screed | S8: QUERY | T8: ANSWER
G9: (m) | H9: (m) | I9: (m) | J9: (m²) | K9: (m³) | L9: (m²) | M9: (m²) | N9: (m²) | O9: (m²) | P9: (m²) | Q9: (m²) | R9: (m³)
A11: A. | B11: PCC | K11: =K66 -> 301.49065 | L11: =L66 -> 1015.584 | M11: =M66 -> 924.67 | N11: =N66 -> 553.584 | O11: =O66 -> 924.67 | P11: =P66 -> 680.154 | Q11: =Q66 -> 924.67 | R11: =R66 -> 46.2335
A13: 1 | B13: 269-S-100 | C13: R0 | D13: FOOTING
E14: F1 | F14: 4 | G14: 1.2 | H14: 1.5 | I14: 0.3 | J14: =F14*G14*H14 -> 7.2 | K14: =J14*I14 -> 2.16 | L14: =F14*2*(G14+H14)*I14 -> 6.48 | M14: =J14 -> 7.2 | N14: =L14 -> 6.48 | O14: =J14 -> 7.2 | P14: =L14 -> 6.48 | Q14: =J14 -> 7.2 | R14: =J14*0.05 -> 0.36
E15: F2 | F15: 2 | G15: 1.3 | H15: 1.7 | I15: 0.3 | J15: =F15*G15*H15 -> 4.42 | K15: =J15*I15 -> 1.326 | L15: =F15*2*(G15+H15)*I15 -> 3.6 | M15: =J15 -> 4.42 | N15: =L15 -> 3.6 | O15: =J15 -> 4.42 | P15: =L15 -> 3.6 | Q15: =J15 -> 4.42 | R15: =J15*0.05 -> 0.221
E16: F3 | F16: 2 | G16: 1.4 | H16: 1.7 | I16: 0.3 | J16: =F16*G16*H16 -> 4.76 | K16: =J16*I16 -> 1.428 | L16: =F16*2*(G16+H16)*I16 -> 3.72 | M16: =J16 -> 4.76 | N16: =L16 -> 3.72 | O16: =J16 -> 4.76 | P16: =L16 -> 3.72 | Q16: =J16 -> 4.76 | R16: =J16*0.05 -> 0.238
E17: F4 | F17: 3 | G17: 1.9 | H17: 2.2 | I17: 0.4 | J17: =F17*G17*H17 -> 12.54 | K17: =J17*I17 -> 5.016 | L17: =F17*2*(G17+H17)*I17 -> 9.84 | M17: =J17 -> 12.54 | N17: =L17 -> 9.84 | O17: =J17 -> 12.54 | P17: =L17 -> 9.84 | Q17: =J17 -> 12.54 | R17: =J17*0.05 -> 0.627
E18: F5 | F18: 4 | G18: 2 | H18: 2.4 | I18: 0.4 | J18: =F18*G18*H18 -> 19.2 | K18: =J18*I18 -> 7.68 | L18: =F18*2*(G18+H18)*I18 -> 14.08 | M18: =J18 -> 19.2 | N18: =L18 -> 14.08 | O18: =J18 -> 19.2 | P18: =L18 -> 14.08 | Q18: =J18 -> 19.2 | R18: =J18*0.05 -> 0.96
E19: F6 | F19: 4 | G19: 2.2 | H19: 2.8 | I19: 0.4 | J19: =F19*G19*H19 -> 24.64 | K19: =J19*I19 -> 9.856 | L19: =F19*2*(G19+H19)*I19 -> 16 | M19: =J19 -> 24.64 | N19: =L19 -> 16 | O19: =J19 -> 24.64 | P19: =L19 -> 16 | Q19: =J19 -> 24.64 | R19: =J19*0.05 -> 1.232
E20: F7 | F20: 4 | G20: 2.3 | H20: 3.1 | I20: 0.5 | J20: =F20*G20*H20 -> 28.52 | K20: =J20*I20 -> 14.26 | L20: =F20*2*(G20+H20)*I20 -> 21.6 | M20: =J20 -> 28.52 | N20: =L20 -> 21.6 | O20: =J20 -> 28.52 | P20: =L20 -> 21.6 | Q20: =J20 -> 28.52 | R20: =J20*0.05 -> 1.426
E21: CF1 | F21: 1 | G21: 1.4 | H21: 3.1 | I21: 0.4 | J21: =F21*G21*H21 -> 4.34 | K21: =J21*I21 -> 1.736 | L21: =F21*2*(G21+H21)*I21 -> 3.6 | M21: =J21 -> 4.34 | N21: =L21 -> 3.6 | O21: =J21 -> 4.34 | P21: =L21 -> 3.6 | Q21: =J21 -> 4.34 | R21: =J21*0.05 -> 0.217
E22: CF2 | F22: 2 | G22: 2 | H22: 3.9 | I22: 0.4 | J22: =F22*G22*H22 -> 15.6 | K22: =J22*I22 -> 6.24 | L22: =F22*2*(G22+H22)*I22 -> 9.44 | M22: =J22 -> 15.6 | N22: =L22 -> 9.44 | O22: =J22 -> 15.6 | P22: =L22 -> 9.44 | Q22: =J22 -> 15.6 | R22: =J22*0.05 -> 0.78
E23: CF3 Raft 3 | F23: 1 | I23: 0.5 | J23: 15.8 | K23: =J23*I23 -> 7.9 | L23: =17.1*I23 -> 8.55 | M23: =J23 -> 15.8 | N23: =L23 -> 8.55 | O23: =J23 -> 15.8 | P23: =L23 -> 8.55 | Q23: =J23 -> 15.8 | R23: =J23*0.05 -> 0.79
E24: FC1 | F24: 37 | G24: 1 | H24: 1.2 | I24: 0.3 | J24: =F24*G24*H24 -> 44.4 | K24: =J24*I24 -> 13.32 | L24: =F24*2*(G24+H24)*I24 -> 48.84 | M24: =J24 -> 44.4 | N24: =L24 -> 48.84 | O24: =J24 -> 44.4 | P24: =L24 -> 48.84 | Q24: =J24 -> 44.4 | R24: =J24*0.05 -> 2.22
E25: FC2 | F25: 3 | G25: 1 | H25: 1 | I25: 0.3 | J25: =F25*G25*H25 -> 3 | K25: =J25*I25 -> 0.9 | L25: =F25*2*(G25+H25)*I25 -> 3.6 | M25: =J25 -> 3 | N25: =L25 -> 3.6 | O25: =J25 -> 3 | P25: =L25 -> 3.6 | Q25: =J25 -> 3 | R25: =J25*0.05 -> 0.15
E26: Raft 1 | F26: 1 | I26: 0.5 | J26: 71.2 | K26: =J26*I26 -> 35.6 | L26: =44.1*I26 -> 22.05 | M26: =J26 -> 71.2 | N26: =L26 -> 22.05 | O26: =J26 -> 71.2 | P26: =L26 -> 22.05 | Q26: =J26 -> 71.2 | R26: =J26*0.05 -> 3.56
E27: Raft 2 | F27: 1 | I27: 0.6 | J27: 51.9 | K27: =J27*I27 -> 31.14 | L27: =32.2*I27 -> 19.32 | M27: =J27 -> 51.9 | N27: =L27 -> 19.32 | O27: =J27 -> 51.9 | P27: =L27 -> 19.32 | Q27: =J27 -> 51.9 | R27: =J27*0.05 -> 2.595
A29: 2 | B29: 269-S-100 | C29: R0 | D29: STRAP BEAMS | E29: SB1 | F29: 1 | G29: 8.5 | H29: 0.25 | I29: 0.4 | J29: =F29*G29*H29 -> 2.125 | K29: =J29*I29 -> 0.85 | L29: =F29*2*(G29+H29)*I29 -> 7 | M29: =J29 -> 2.125 | N29: =L29 -> 7 | O29: =J29 -> 2.125 | P29: =L29 -> 7 | Q29: =J29 -> 2.125 | R29: =J29*0.05 -> 0.10625
A31: 3 | B31: 269-S-101-A | C31: R0 | D31: GROUND BEAMS | E31: GB1 | F31: 1 | G31: 164.4 | H31: 0.25 | I31: 0.4 | J31: =F31*G31*H31 -> 41.1 | K31: =J31*I31 -> 16.44 | L31: =F31*G31*I31*2 -> 131.52 | M31: =J31 -> 41.1 | N31: =L31 -> 131.52 | O31: =J31 -> 41.1 | P31: =L31 -> 131.52 | Q31: =J31 -> 41.1 | R31: =J31*0.05 -> 2.055
E32: GB2 | F32: 1 | G32: 18.4 | H32: 0.3 | I32: 0.82 | J32: =F32*G32*H32 -> 5.52 | K32: =J32*I32 -> 4.5264 | L32: =F32*G32*I32*2 -> 30.176 | M32: =J32 -> 5.52 | N32: =L32 -> 30.176 | O32: =J32 -> 5.52 | P32: =L32 -> 30.176 | Q32: =J32 -> 5.52 | R32: =J32*0.05 -> 0.276
E33: GB3 | F33: 1 | G33: 13.2 | H33: 0.25 | I33: 0.82 | J33: =F33*G33*H33 -> 3.3 | K33: =J33*I33 -> 2.706 | L33: =F33*G33*I33*2 -> 21.648 | M33: =J33 -> 3.3 | N33: =L33 -> 21.648 | O33: =J33 -> 3.3 | P33: =L33 -> 21.648 | Q33: =J33 -> 3.3 | R33: =J33*0.05 -> 0.165
E34: GB4 | F34: 1 | G34: 14.9 | H34: 0.3 | I34: 0.6 | J34: =F34*G34*H34 -> 4.47 | K34: =J34*I34 -> 2.682 | L34: =F34*G34*I34*2 -> 17.88 | M34: =J34 -> 4.47 | N34: =L34 -> 17.88 | O34: =J34 -> 4.47 | P34: =L34 -> 17.88 | Q34: =J34 -> 4.47 | R34: =J34*0.05 -> 0.2235
E35: GB5 | F35: 1 | G35: 21.3 | H35: 0.25 | I35: 0.6 | J35: =F35*G35*H35 -> 5.325 | K35: =J35*I35 -> 3.195 | L35: =F35*G35*I35*2 -> 25.56 | M35: =J35 -> 5.325 | N35: =L35 -> 25.56 | O35: =J35 -> 5.325 | P35: =L35 -> 25.56 | Q35: =J35 -> 5.325 | R35: =J35*0.05 -> 0.26625
E36: GB6 | F36: 1 | G36: 3.5 | H36: 0.25 | I36: 0.82 | J36: =F36*G36*H36 -> 0.875 | K36: =J36*I36 -> 0.7175 | L36: =F36*G36*I36*2 -> 5.74 | M36: =J36 -> 0.875 | N36: =L36 -> 5.74 | O36: =J36 -> 0.875 | P36: =L36 -> 5.74 | Q36: =J36 -> 0.875 | R36: =J36*0.05 -> 0.04375
E37: GB7 | F37: 1 | G37: 1.5 | H37: 0.25 | I37: 0.67 | J37: =F37*G37*H37 -> 0.375 | K37: =J37*I37 -> 0.25125 | L37: =F37*G37*I37*2 -> 2.01 | M37: =J37 -> 0.375 | N37: =L37 -> 2.01 | O37: =J37 -> 0.375 | P37: =L37 -> 2.01 | Q37: =J37 -> 0.375 | R37: =J37*0.05 -> 0.01875
E38: B | F38: 1 | G38: 110.3 | H38: 0.2 | I38: 0.55 | J38: =F38*G38*H38 -> 22.06 | K38: =J38*I38 -> 12.133 | L38: =F38*G38*I38*2 -> 121.33 | M38: =J38 -> 22.06 | N38: =L38 -> 121.33 | O38: =J38 -> 22.06 | P38: =L38 -> 121.33 | Q38: =J38 -> 22.06 | R38: =J38*0.05 -> 1.103
A40: 4 | B40: 269-S-101-B | C40: R0 | D40: GRADE SLAB | F40: 1 | G40: 530 | I40: 0.15 | J40: 532 | K40: =J40*I40 -> 79.8 | M40: =J40 -> 532 | N40: =L40 -> 0 | O40: =J40 -> 532 | P40: =L40 -> 0 | Q40: =J40 -> 532 | R40: =J40*0.05 -> 26.6
A42: 5 | B42: 269-S-101-B | C42: R0 | D42: WATER Tank | E42: Wall | F42: 1 | G42: 38.1 | H42: 0.25 | I42: =SUM('Level Cal'!Y21:Y24) -> 3.1 | J42: =F42*G42 -> 38.1 | K42: =G42*H42*I42 -> 29.5275 | L42: =F42*140*I42 -> 434 | M42: =73.3*I42 -> 227.23
D43: WATER Tank | E43: Ceiling | F43: 1 | I43: 0.2 | J43: 50.5 | K43: =J43*I43 -> 10.1 | L43: =F43*140*I43 -> 28
V44: =80-57 -> 23
A45: 6 | B45: 269-S-101-A / 269-S-201 | C45: R0 | D45: Neck Columns | E45: C1 | F45: 5 | G45: 0.4 | H45: 0.25 | I45: =1.5-AVERAGE($I$14:$I$27) -> 1.1 | J45: =F45*G45*H45 -> 0.5 | K45: =J45*I45 -> 0.55 | L45: =(G45+H45)*2*I45*F45 -> 7.15 | P45: =L45 -> 7.15
E46: C4 | F46: 6 | G46: 0.6 | H46: 0.25 | I46: =1.5-AVERAGE($I$14:$I$27) -> 1.1 | J46: =F46*G46*H46 -> 0.9 | K46: =J46*I46 -> 0.99 | L46: =(G46+H46)*2*I46*F46 -> 11.22 | P46: =L46 -> 11.22
E47: C | F47: 40 | G47: 0.2 | H47: 0.2 | I47: =1.5-AVERAGE($I$14:$I$27) -> 1.1 | J47: =F47*G47*H47 -> 1.6 | K47: =J47*I47 -> 1.76 | L47: =(G47+H47)*2*I47*F47 -> 35.2 | P47: =L47 -> 35.2
E48: C5 | F48: 3 | G48: 0.6 | H48: 0.25 | I48: =1.5-AVERAGE($I$14:$I$27) -> 1.1 | J48: =F48*G48*H48 -> 0.45 | K48: =J48*I48 -> 0.495 | L48: =(G48+H48)*2*I48*F48 -> 5.61 | P48: =L48 -> 5.61
E49: C4* | F49: 8 | G49: 0.6 | H49: 0.25 | I49: =1.5-AVERAGE($I$14:$I$27) -> 1.1 | J49: =F49*G49*H49 -> 1.2 | K49: =J49*I49 -> 1.32 | L49: =(G49+H49)*2*I49*F49 -> 14.96 | P49: =L49 -> 14.96
E50: C4** | F50: 2 | G50: 0.6 | H50: 0.25 | I50: =1.5-AVERAGE($I$14:$I$27) -> 1.1 | J50: =F50*G50*H50 -> 0.3 | K50: =J50*I50 -> 0.33 | L50: =(G50+H50)*2*I50*F50 -> 3.74 | P50: =L50 -> 3.74
E51: C12 | F51: 2 | G51: 0.25 | H51: 0.25 | I51: =1.5-AVERAGE($I$14:$I$27) -> 1.1 | J51: =F51*G51*H51 -> 0.125 | K51: =J51*I51 -> 0.1375 | L51: =(G51+H51)*2*I51*F51 -> 2.2 | P51: =L51 -> 2.2
E52: C11 | F52: 2 | G52: 0.6 | H52: 0.25 | I52: =1.5-AVERAGE($I$14:$I$27) -> 1.1 | J52: =F52*G52*H52 -> 0.3 | K52: =J52*I52 -> 0.33 | L52: =(G52+H52)*2*I52*F52 -> 3.74 | P52: =L52 -> 3.74
E53: C6* | F53: 1 | G53: 1 | H53: 0.25 | I53: =1.5-AVERAGE($I$14:$I$27) -> 1.1 | J53: =F53*G53*H53 -> 0.25 | K53: =J53*I53 -> 0.275 | L53: =(G53+H53)*2*I53*F53 -> 2.75 | P53: =L53 -> 2.75
E54: C6 | F54: 1 | G54: 1 | H54: 0.25 | I54: =1.5-AVERAGE($I$14:$I$27) -> 1.1 | J54: =F54*G54*H54 -> 0.25 | K54: =J54*I54 -> 0.275 | L54: =(G54+H54)*2*I54*F54 -> 2.75 | P54: =L54 -> 2.75
E55: C2 | F55: 1 | G55: 0.8 | H55: 0.25 | I55: =1.5-AVERAGE($I$14:$I$27) -> 1.1 | J55: =F55*G55*H55 -> 0.2 | K55: =J55*I55 -> 0.22 | L55: =(G55+H55)*2*I55*F55 -> 2.31 | P55: =L55 -> 2.31
E56: C3 | F56: 1 | G56: 0.8 | H56: 0.25 | I56: =1.5-AVERAGE($I$14:$I$27) -> 1.1 | J56: =F56*G56*H56 -> 0.2 | K56: =J56*I56 -> 0.22 | L56: =(G56+H56)*2*I56*F56 -> 2.31 | P56: =L56 -> 2.31
E57: C1* | F57: 1 | G57: 0.4 | H57: 0.25 | I57: =1.5-AVERAGE($I$14:$I$27) -> 1.1 | J57: =F57*G57*H57 -> 0.1 | K57: =J57*I57 -> 0.11 | L57: =(G57+H57)*2*I57*F57 -> 1.43 | P57: =L57 -> 1.43
A59: 7 | B59: 269-S-101-A / 269-S-301 | C59: R0 | D59: Wall | E59: Lift Pit Wall | F59: 1 | G59: 9.5 | H59: 0.25 | I59: 1.2 | J59: =F59*G59*H59 -> 2.375 | K59: =J59*I59 -> 2.85 | L59: =(G59+H59)*2*I59 -> 23.4 | P59: =G59*I59 -> 11.4
B60: 269-S-101-A / 269-S-202 | D60: W1 | E60: Wall | F60: 1 | G60: 2.5 | H60: 0.3 | I60: =1.5-AVERAGE($I$14:$I$27) -> 1.1 | J60: =F60*G60*H60 -> 0.75 | K60: =J60*I60 -> 0.825 | L60: =(G60+H60)*2*I60*F60 -> 6.16 | P60: =L60 -> 6.16
D61: W2 | E61: Wall | F61: 2 | G61: 1.3 | H61: 0.25 | I61: =1.5-AVERAGE($I$14:$I$27) -> 1.1 | J61: =F61*G61*H61 -> 0.65 | K61: =J61*I61 -> 0.715 | L61: =(G61+H61)*2*I61*F61 -> 6.82 | P61: =L61 -> 6.82
D62: W3 | E62: Wall | F62: 2 | G62: 1.3 | H62: 0.25 | I62: =1.5-AVERAGE($I$14:$I$27) -> 1.1 | J62: =F62*G62*H62 -> 0.65 | K62: =J62*I62 -> 0.715 | L62: =(G62+H62)*2*I62*F62 -> 6.82 | P62: =L62 -> 6.82
A66: TOTAL | J66: =SUM(J28:J44) -> 705.75 | K66: =SUM(K13:K44) -> 301.49065 | L66: =SUM(L13:L44) -> 1015.584 | M66: =SUM(M13:M44)-M42 -> 924.67 | N66: =SUM(N13:N44) -> 553.584 | O66: =SUM(O13:O44) -> 924.67 | P66: =SUM(P13:P65) -> 680.154 | Q66: =SUM(Q13:Q44) -> 924.67 | R66: =SUM(R13:R44) -> 46.2335

Sheet Concrete SuperStructure
A2: Project : | B2: KHANNA VILLA, 3630160-AL MANARA DUBAI
A3: Employer : | B3: TARUN HARISH CHNADRA KHANNA
A4: Engineer : | B4: LOCI CONSULTANT
A5: Contractor : | B5: CONSTECH CONSTRUCTION
A6: SUPERSTRUCTURE CONCRETE
A8: SI NO | B8: DRW NO | C8: REV | D8: LOCATION | E8: DESCRIPTION | F8: NO | G8: LENGTH | H8: WIDTH | I8: DEPTH | J8: AREA | K8: CONCRETE QTY | L8: SHUTTERING | M8: ANTI TERMITE Horz | N8: ANTI TERMITE Vert | O8: WATER PROOFING HORZ | P8: WATER PROOFING VERT | Q8: POLYTHENE SHEET | R8: 50mm thk Protection Screed | S8: QUERY | T8: ANSWER
G9: (m) | H9: (m) | I9: (m) | J9: (m²) | K9: (m³) | L9: (m²) | M9: (m²) | N9: (m²) | O9: (m²) | P9: (m²) | Q9: (m²) | R9: (m³)
A11: A. | B11: COLUMNS
A13: 1 | B13: 269-S-101-A / 269-S-201 | C13: R0 | D13: Columns (GF TO FF) | E13: C1 | F13: 5 | G13: 0.4 | H13: 0.25 | I13: 4.5 | J13: =F13*G13*H13 -> 0.5 | K13: =F13*G13*H13*I13 -> 2.25 | L13: =(G13+H13)*2*I13*F13 -> 29.25
E14: C4 | F14: 6 | G14: 0.6 | H14: 0.25 | I14: 4.5 | J14: =F14*G14*H14 -> 0.9 | K14: =F14*G14*H14*I14 -> 4.05 | L14: =(G14+H14)*2*I14*F14 -> 45.9
E15: C | F15: 40 | G15: 0.2 | H15: 0.2 | I15: 1.9 | J15: =F15*G15*H15 -> 1.6 | K15: =F15*G15*H15*I15 -> 3.04 | L15: =(G15+H15)*2*I15*F15 -> 60.8
E16: C5 | F16: 3 | G16: 0.6 | H16: 0.25 | I16: 4.5 | J16: =F16*G16*H16 -> 0.45 | K16: =F16*G16*H16*I16 -> 2.025 | L16: =(G16+H16)*2*I16*F16 -> 22.95
E17: C4* | F17: 8 | G17: 0.6 | H17: 0.25 | I17: 4.5 | J17: =F17*G17*H17 -> 1.2 | K17: =F17*G17*H17*I17 -> 5.4 | L17: =(G17+H17)*2*I17*F17 -> 61.2
E18: C4** | F18: 2 | G18: 0.6 | H18: 0.25 | I18: 4.5 | J18: =F18*G18*H18 -> 0.3 | K18: =F18*G18*H18*I18 -> 1.35 | L18: =(G18+H18)*2*I18*F18 -> 15.3
E19: C12 | F19: 2 | G19: 0.25 | H19: 0.25 | I19: 4.5 | J19: =F19*G19*H19 -> 0.125 | K19: =F19*G19*H19*I19 -> 0.5625 | L19: =(G19+H19)*2*I19*F19 -> 9
E20: C11 | F20: 2 | G20: 0.6 | H20: 0.25 | I20: 4.5 | J20: =F20*G20*H20 -> 0.3 | K20: =F20*G20*H20*I20 -> 1.35 | L20: =(G20+H20)*2*I20*F20 -> 15.3
E21: C6* | F21: 1 | G21: 1 | H21: 0.25 | I21: 4.5 | J21: =F21*G21*H21 -> 0.25 | K21: =F21*G21*H21*I21 -> 1.125 | L21: =(G21+H21)*2*I21*F21 -> 11.25
E22: C6 | F22: 1 | G22: 1 | H22: 0.25 | I22: 4.5 | J22: =F22*G22*H22 -> 0.25 | K22: =F22*G22*H22*I22 -> 1.125 | L22: =(G22+H22)*2*I22*F22 -> 11.25
E23: C2 | F23: 1 | G23: 0.8 | H23: 0.25 | I23: 4.5 | J23: =F23*G23*H23 -> 0.2 | K23: =F23*G23*H23*I23 -> 0.9 | L23: =(G23+H23)*2*I23*F23 -> 9.45
E24: C3 | F24: 1 | G24: 0.8 | H24: 0.25 | I24: 4.5 | J24: =F24*G24*H24 -> 0.2 | K24: =F24*G24*H24*I24 -> 0.9 | L24: =(G24+H24)*2*I24*F24 -> 9.45
E25: C1* | F25: 1 | G25: 0.4 | H25: 0.25 | I25: 4.5 | J25: =F25*G25*H25 -> 0.1 | K25: =F25*G25*H25*I25 -> 0.45 | L25: =(G25+H25)*2*I25*F25 -> 5.85
E26: Decorative Column | I26: 4.5 | J26: 1.4 | K26: =+I26*J26 -> 6.3 | L26: =12.4*I26 -> 55.8
B28: 269-S-102-A / 269-S-201 | C28: R0 | D28: Columns (FF TO RF) | E28: C1 | G28: 0.4 | H28: 0.25 | I28: =8.6-4.5 -> 4.1 | J28: =F28*G28*H28 -> 0 | K28: =F28*G28*H28*I28 -> 0 | L28: =(G28+H28)*2*I28*F28 -> 0
E29: C4 | G29: 0.6 | H29: 0.25 | I29: =8.6-4.5 -> 4.1 | J29: =F29*G29*H29 -> 0 | K29: =F29*G29*H29*I29 -> 0 | L29: =(G29+H29)*2*I29*F29 -> 0
E30: C | G30: 0.2 | H30: 0.2 | I30: =8.6-4.5 -> 4.1 | J30: =F30*G30*H30 -> 0 | K30: =F30*G30*H30*I30 -> 0 | L30: =(G30+H30)*2*I30*F30 -> 0
E31: C5 | F31: 2 | G31: 0.6 | H31: 0.25 | I31: =8.6-4.5 -> 4.1 | J31: =F31*G31*H31 -> 0.3 | K31: =F31*G31*H31*I31 -> 1.23 | L31: =(G31+H31)*2*I31*F31 -> 13.94
E32: C4* | F32: 8 | G32: 0.6 | H32: 0.25 | I32: =8.6-4.5 -> 4.1 | J32: =F32*G32*H32 -> 1.2 | K32: =F32*G32*H32*I32 -> 4.92 | L32: =(G32+H32)*2*I32*F32 -> 55.76
E33: C4** | F33: 2 | G33: 0.6 | H33: 0.25 | I33: =8.6-4.5 -> 4.1 | J33: =F33*G33*H33 -> 0.3 | K33: =F33*G33*H33*I33 -> 1.23 | L33: =(G33+H33)*2*I33*F33 -> 13.94
E34: C12 | F34: 2 | G34: 0.25 | H34: 0.25 | I34: =8.6-4.5 -> 4.1 | J34: =F34*G34*H34 -> 0.125 | K34: =F34*G34*H34*I34 -> 0.5125 | L34: =(G34+H34)*2*I34*F34 -> 8.2
E35: C11 | F35: 2 | G35: 0.6 | H35: 0.25 | I35: =8.6-4.5 -> 4.1 | J35: =F35*G35*H35 -> 0.3 | K35: =F35*G35*H35*I35 -> 1.23 | L35: =(G35+H35)*2*I35*F35 -> 13.94
E36: C6* | F36: 1 | G36: 1 | H36: 0.25 | I36: =8.6-4.5 -> 4.1 | J36: =F36*G36*H36 -> 0.25 | K36: =F36*G36*H36*I36 -> 1.025 | L36: =(G36+H36)*2*I36*F36 -> 10.25
E37: C7 | F37: 2 | G37: 0.6 | H37: 0.25 | I37: =8.6-4.5 -> 4.1 | J37: =F37*G37*H37 -> 0.3 | K37: =F37*G37*H37*I37 -> 1.23 | L37: =(G37+H37)*2*I37*F37 -> 13.94
E38: C2 | G38: 0.8 | H38: 0.25 | I38: =8.6-4.5 -> 4.1 | J38: =F38*G38*H38 -> 0 | K38: =F38*G38*H38*I38 -> 0 | L38: =(G38+H38)*2*I38*F38 -> 0
E39: C3 | F39: 1 | G39: 0.8 | H39: 0.25 | I39: =8.6-4.5 -> 4.1 | J39: =F39*G39*H39 -> 0.2 | K39: =F39*G39*H39*I39 -> 0.82 | L39: =(G39+H39)*2*I39*F39 -> 8.61
E40: C1* | F40: 1 | G40: 0.4 | H40: 0.25 | I40: =8.6-4.5 -> 4.1 | J40: =F40*G40*H40 -> 0.1 | K40: =F40*G40*H40*I40 -> 0.41 | L40: =(G40+H40)*2*I40*F40 -> 5.33
E41: Decorative Column | I41: 4.1 | J41: 1.4 | K41: =+I41*J41 -> 5.74 | L41: =12.2*I41 -> 50.02
B43: 269-S-103-A / 269-S-201 | C43: R0 | D43: Columns (RF TO URF) | E43: C8 | F43: 1 | G43: 0.8 | H43: 0.25 | I43: =12.37-8.6 -> 3.77 | J43: =F43*G43*H43 -> 0.2 | K43: =F43*G43*H43*I43 -> 0.754 | L43: =(G43+H43)*2*I43*F43 -> 7.917
E44: C9 | F44: 3 | G44: 0.6 | H44: 0.25 | I44: =12.37-8.6 -> 3.77 | J44: =F44*G44*H44 -> 0.45 | K44: =F44*G44*H44*I44 -> 1.6965 | L44: =(G44+H44)*2*I44*F44 -> 19.227
E45: C10 | F45: 1 | I45: =12.37-8.6 -> 3.77 | J45: =PI()*0.25^2*0.205 -> 0.040251656 | K45: =I45*J45 -> 0.15174874 | L45: =(G45+H45)*2*I45*F45 -> 0
E46: C4** | F46: 2 | G46: 0.6 | H46: 0.25 | I46: =12.37-8.6 -> 3.77 | J46: =F46*G46*H46 -> 0.3 | K46: =F46*G46*H46*I46 -> 1.131 | L46: =(G46+H46)*2*I46*F46 -> 12.818
A49: B. | B49: SUSPENDED SLAB
E50: EXCLUDING BEAMS
A51: 2 | B51: 269-S-102-A | D51: Suspended Slab (FF) | E51: Suspended Slab 200mm thk | F51: 1 | I51: 0.2 | J51: 494 | K51: =F51*I51*J51 -> 98.8
E52: Suspended Slab 180mm thk | F52: 1 | I52: 0.18 | J52: 28.5 | K52: =F52*I52*J52 -> 5.13
B54: 269-S-103-A | D54: Suspended Slab (RF) | E54: Suspended Slab 200mm thk | F54: 1 | I54: 0.2 | J54: 182 | K54: =F54*I54*J54 -> 36.4
E55: Suspended Slab 250mm thk | F55: 1 | I55: 0.25 | J55: 104.7 | K55: =F55*I55*J55 -> 26.175
E56: Suspended Slab 275mm thk | F56: 1 | I56: 0.275 | J56: 154.9 | K56: =F56*I56*J56 -> 42.5975
B58: 269-S-104 | D58: Suspended Slab (URF) | E58: Suspended Slab 220mm thk | F58: 1 | I58: 0.22 | J58: 99.8 | K58: =F58*I58*J58 -> 21.956
E60: FULL AREA
B61: 269-S-103-A | D61: Suspended Slab (URF) | E61: Suspended Slab 220mm thk | F61: 1 | I61: 0.22 | J61: 126.7 | K61: =F61*I61*J61 -> 27.874 | U61: =SUM(K61:K66) -> 273.763
B62: 269-S-103-A | D62: Suspended Slab (RF) | E62: Suspended Slab 200mm thk | F62: 1 | I62: 0.2 | J62: 181.1 | K62: =F62*I62*J62 -> 36.22 | U62: =K61 -> 27.874 | V62: URF | W62: =U62/U61 -> 0.101818
E63: Suspended Slab 250mm thk | F63: 1 | I63: 0.25 | J63: 145 | K63: =F63*I63*J63 -> 36.25 | U63: =SUM(K62:K64) -> 127.195 | V63: RF | W63: =U63/U61 -> 0.46461721
E64: Suspended Slab 275mm thk | F64: 1 | I64: 0.275 | J64: 199 | K64: =F64*I64*J64 -> 54.725 | U64: =SUM(K65:K66) -> 118.694 | V64: FF | W64: =U64/U61 -> 0.4335648
B65: 269-S-102-A | D65: Suspended Slab (FF) | E65: Suspended Slab 200mm thk | F65: 1 | I65: 0.2 | J65: 562.6 | K65: =F65*I65*J65 -> 112.52
E66: Suspended Slab 180mm thk | F66: 1 | I66: 0.18 | J66: 34.3 | K66: =F66*I66*J66 -> 6.174
A68: C. | B68: BEAMS
A69: 3 | B69: 269-S-102-A | C69: R0 | D69: Beams, First Floor | E69: G-FB1 | F69: 1 | G69: 6 | H69: 0.25 | I69: 0.6 | J69: =G69*H69 -> 1.5 | K69: =F69*I69*J69 -> 0.9 | L69: =J69+(G69*I69*2) -> 8.7
E70: G-FB2 | F70: 1 | G70: 4.2 | H70: 0.25 | I70: 0.5 | J70: =G70*H70 -> 1.05 | K70: =F70*I70*J70 -> 0.525 | L70: =J70+(G70*I70*2) -> 5.25
E71: G-FB3 | F71: 1 | G71: 7.1 | H71: 0.25 | I71: 0.6 | J71: =G71*H71 -> 1.775 | K71: =F71*I71*J71 -> 1.065 | L71: =J71+(G71*I71*2) -> 10.295
E72: G-FB4 | F72: 1 | G72: 12.2 | H72: 0.25 | I72: 0.5 | J72: =G72*H72 -> 3.05 | K72: =F72*I72*J72 -> 1.525 | L72: =J72+(G72*I72*2) -> 15.25
E73: FB1 | F73: 1 | G73: 2.1 | H73: 0.2 | I73: 0.5 | J73: =G73*H73 -> 0.42 | K73: =F73*I73*J73 -> 0.21 | L73: =J73+(G73*I73*2) -> 2.52
E74: FB2 | F74: 1 | G74: 15.5 | H74: 0.2 | I74: 0.7 | J74: =G74*H74 -> 3.1 | K74: =F74*I74*J74 -> 2.17 | L74: =J74+(G74*I74*2) -> 24.8
E75: FB3 | F75: 1 | G75: 8.3 | H75: 0.25 | I75: 0.7 | J75: =G75*H75 -> 2.075 | K75: =F75*I75*J75 -> 1.4525 | L75: =J75+(G75*I75*2) -> 13.695
E76: FB4 | F76: 1 | G76: 9.5 | H76: 0.25 | I76: 0.7 | J76: =G76*H76 -> 2.375 | K76: =F76*I76*J76 -> 1.6625 | L76: =J76+(G76*I76*2) -> 15.675
E77: FB5 | F77: 1 | G77: 5.3 | H77: 0.25 | I77: 0.7 | J77: =G77*H77 -> 1.325 | K77: =F77*I77*J77 -> 0.9275 | L77: =J77+(G77*I77*2) -> 8.745
E78: FB6 | F78: 1 | G78: 15.7 | H78: 0.25 | I78: 0.7 | J78: =G78*H78 -> 3.925 | K78: =F78*I78*J78 -> 2.7475 | L78: =J78+(G78*I78*2) -> 25.905
E79: FB7 | F79: 1 | G79: 12.7 | H79: 0.25 | I79: 0.5 | J79: =G79*H79 -> 3.175 | K79: =F79*I79*J79 -> 1.5875 | L79: =J79+(G79*I79*2) -> 15.875
E80: FB8 | F80: 1 | G80: 8.7 | H80: 0.25 | I80: 0.6 | J80: =G80*H80 -> 2.175 | K80: =F80*I80*J80 -> 1.305 | L80: =J80+(G80*I80*2) -> 12.615
E81: FB9 | F81: 1 | G81: 5.2 | H81: 0.25 | I81: 0.6 | J81: =G81*H81 -> 1.3 | K81: =F81*I81*J81 -> 0.78 | L81: =J81+(G81*I81*2) -> 7.54
... E101: RC UPSTAND | F101: 1 | G101: 17 | H101: 0.2 | I101: 0.55 | J101: =G101*H101 -> 3.4 | K101: =F101*I101*J101 -> 1.87 | L101: =J101+(G101*I101*2) -> 22.1
A103: 3 | B103: 269-S-103-A | C103: R0 | D103: Beams, Roof Floor | E103: RB1 | F103: 1 | G103: 8.6 | H103: 0.2 | I103: 0.8 | J103: =G103*H103 -> 1.72 | K103: =F103*I103*J103 -> 1.376 | L103: =J103+(G103*I103*2) -> 15.48
E104: RB2 | F104: 1 | G104: 3.2 | H104: 0.25 | I104: 0.8 | J104: =G104*H104 -> 0.8 | K104: =F104*I104*J104 -> 0.64 | L104: =J104+(G104*I104*2) -> 5.92
E105: RB3 | F105: 1 | G105: 5.1 | H105: 0.25 | I105: 0.8 | J105: =G105*H105 -> 1.275 | K105: =F105*I105*J105 -> 1.02 | L105: =J105+(G105*I105*2) -> 9.435
E106: RB4 | F106: 1 | G106: 8.7 | H106: 0.25 | I106: 0.8 | J106: =G106*H106 -> 2.175 | K106: =F106*I106*J106 -> 1.74 | L106: =J106+(G106*I106*2) -> 16.095
E107: RB5 | F107: 1 | G107: 3.5 | H107: 0.2 | I107: 0.8 | J107: =G107*H107 -> 0.7 | K107: =F107*I107*J107 -> 0.56 | L107: =J107+(G107*I107*2) -> 6.3
E108: RB6 | F108: 1 | G108: 6.1 | H108: 0.25 | I108: 0.7 | J108: =G108*H108 -> 1.525 | K108: =F108*I108*J108 -> 1.0675 | L108: =J108+(G108*I108*2) -> 10.065
E109: RB7 | F109: 1 | G109: 13.7 | H109: 0.25 | I109: 0.8 | J109: =G109*H109 -> 3.425 | K109: =F109*I109*J109 -> 2.74 | L109: =J109+(G109*I109*2) -> 25.345
E110: RB8 | F110: 1 | G110: 8 | H110: 0.25 | I110: 0.8 | J110: =G110*H110 -> 2 | K110: =F110*I110*J110 -> 1.6 | L110: =J110+(G110*I110*2) -> 14.8
E111: RB9 | F111: 1 | G111: 4.9 | H111: 0.25 | I111: 0.8 | J111: =G111*H111 -> 1.225 | K111: =F111*I111*J111 -> 0.98 | L111: =J111+(G111*I111*2) -> 9.065
E112: RB10 | F112: 1 | G112: 6 | H112: 0.25 | I112: 0.8 | J112: =G112*H112 -> 1.5 | K112: =F112*I112*J112 -> 1.2 | L112: =J112+(G112*I112*2) -> 11.1
E113: RB11 | F113: 1 | G113: 7.9 | H113: 0.25 | I113: 0.8 | J113: =G113*H113 -> 1.975 | K113: =F113*I113*J113 -> 1.58 | L113: =J113+(G113*I113*2) -> 14.615
E114: RB12 | F114: 1 | G114: 3.2 | H114: 0.25 | I114: 0.8 | J114: =G114*H114 -> 0.8 | K114: =F114*I114*J114 -> 0.64 | L114: =J114+(G114*I114*2) -> 5.92
E115: RB13 | F115: 1 | G115: 0.3 | H115: 0.25 | I115: 0.7 | J115: =G115*H115 -> 0.075 | K115: =F115*I115*J115 -> 0.0525 | L115: =J115+(G115*I115*2) -> 0.495
... E122: RC UPSTAND | F122: 1 | G122: 45.9 | H122: 0.2 | I122: 0.45 | J122: =G122*H122 -> 9.18 | K122: =F122*I122*J122 -> 4.131 | L122: =J122+(G122*I122*2) -> 50.49
A124: 3 | B124: 269-S-103-A | C124: R0 | D124: Beams, Upper Roof Floor | E124: URB1 | F124: 1 | G124: 3.5 | H124: 0.25 | I124: 0.6 | J124: =G124*H124 -> 0.875 | K124: =F124*I124*J124 -> 0.525 | L124: =J124+(G124*I124*2) -> 5.075
E125: URB2 | F125: 1 | G125: 7.3 | H125: 0.25 | I125: 0.7 | J125: =G125*H125 -> 1.825 | K125: =F125*I125*J125 -> 1.2775 | L125: =J125+(G125*I125*2) -> 12.045
E126: URB3 | F126: 1 | G126: 4.6 | H126: 0.25 | I126: 0.6 | J126: =G126*H126 -> 1.15 | K126: =F126*I126*J126 -> 0.69 | L126: =J126+(G126*I126*2) -> 6.67
E127: URB4 | F127: 1 | G127: 7.1 | H127: 0.2 | I127: 0.6 | J127: =G127*H127 -> 1.42 | K127: =F127*I127*J127 -> 0.852 | L127: =J127+(G127*I127*2) -> 9.94
E128: URB5 | F128: 1 | G128: 1.6 | H128: 0.25 | I128: 0.6 | J128: =G128*H128 -> 0.4 | K128: =F128*I128*J128 -> 0.24 | L128: =J128+(G128*I128*2) -> 2.32
E129: URB6 | F129: 1 | G129: 8.1 | H129: 0.25 | I129: 0.6 | J129: =G129*H129 -> 2.025 | K129: =F129*I129*J129 -> 1.215 | L129: =J129+(G129*I129*2) -> 11.745
E130: URB7 | F130: 1 | G130: 1.5 | H130: 0.25 | I130: 0.6 | J130: =G130*H130 -> 0.375 | K130: =F130*I130*J130 -> 0.225 | L130: =J130+(G130*I130*2) -> 2.175
E131: URB8 | F131: 1 | G131: 3.6 | H131: 0.25 | I131: 0.6 | J131: =G131*H131 -> 0.9 | K131: =F131*I131*J131 -> 0.54 | L131: =J131+(G131*I131*2) -> 5.22
E132: URB9 | F132: 1 | G132: 1.9 | H132: 0.2 | I132: 0.62 | J132: =G132*H132 -> 0.38 | K132: =F132*I132*J132 -> 0.2356 | L132: =J132+(G132*I132*2) -> 2.736
E133: URB10 | F133: 1 | G133: 12.7 | H133: 0.25 | I133: 0.5 | J133: =G133*H133 -> 3.175 | K133: =F133*I133*J133 -> 1.5875 | L133: =J133+(G133*I133*2) -> 15.875
E134: URB11 | F134: 1 | G134: 16 | H134: 0.25 | I134: 0.5 | J134: =G134*H134 -> 4 | K134: =F134*I134*J134 -> 2 | L134: =J134+(G134*I134*2) -> 20
E135: RC UPSTAND | F135: 1 | G135: 45.9 | H135: 0.2 | I135: 0.45 | J135: =G135*H135 -> 9.18 | K135: =F135*I135*J135 -> 4.131 | L135: =J135+(G135*I135*2) -> 50.49
E137: STAIR BEAMS
E138: SB1
D140: Boundary Wall | E140: Capping Beam | F140: 1 | G140: 118.5 | H140: 0.2 | I140: 0.3 | J140: =H140*I140 -> 0.06 | K140: =F140*G140*J140 -> 7.11 | L140: =I140*2*G140 -> 71.1
A142: D. | B142: CORE WALL
...

Sheet SUMMARY
A2: Project : | B2: KHANNA VILLA, 3630160-AL MANARA DUBAI
A3: Employer : | B3: TARUN HARISH CHNADRA KHANNA
A4: Engineer : | B4: LOCI CONSULTANT
A5: Contractor : | B5: CONSTECH CONSTRUCTION
A9: SL NO. | B9: DESCRIPTION | C9: CONSTECH | D9: BOQ | E9: VARIANCE | F9: UNIT
B11: SITEWORKS
A13: 1 | B13: Site Clearance | C13: 1392 | D13: 1394 | E13: =C13-D13 -> -2 | F13: m2
A14: 2 | B14: Excavation | C14: =EARTHWORKS!O15 -> 1776.345 | D14: 830 | E14: =C14-D14 -> 946.345 | F14: m3
A15: 3 | B15: Backfilling | C15: =EARTHWORKS!O25 -> 1009.4745 | D15: 310 | E15: =C15-D15 -> 699.4745 | F15: m3
A16: 4 | B16: Road Base | C16: =PCC!S11 -> 881.3575 | D16: 862 | E16: =C16-D16 -> 19.3575 | F16: m3
A17: 5 | B17: Disposal | C17: =C14-C15 -> 766.8705 | D17: 519 | E17: =C17-D17 -> 247.8705 | F17: m3
A18: 6 | B18: Dewatering | D18: 1 | E18: =C18-D18 -> -1 | F18: LS
A19: 7 | B19: Anti-Termite Treatment Horizontal Surfaces | C19: =PCC!M11 -> 881.3575 | D19: 921 | E19: =C19-D19 -> -39.6425 | F19: m2
A20: 8 | B20: Anti-Termite Treatment Vertical Surfaces | C20: =PCC!N11+'Concrete Substructure'!N11 -> 614.074 | D20: 982 | E20: =C20-D20 -> -367.926 | F20: m2
B22: CONCRETE WORK
B23: SUBSTRUCTURE
B24: Plain Concrete
B25: 50mm thick blinding | C25: =PCC!K11 -> 44.067875 | D25: 46
B27: Reinforced Concrete
B28: Raft | C28: ='Concrete Substructure'!K26+'Concrete Substructure'!K27 -> 66.74 | D28: 65
B29: Footing | C29: =SUM('Concrete Substructure'!K14:K25) -> 71.822 | D29: 67 | E29: =C29-D29 -> 4.822
B30: Column Neck | C30: =ROUNDUP(SUM('Concrete Substructure'!K45:K57),0) -> 8 | D30: 9
B31: Wall | C31: =ROUNDUP(SUM('Concrete Substructure'!K60:K62),0) -> 3 | D31: 3
B32: Grade Beam | C32: =ROUNDUP(SUM('Concrete Substructure'!K29:K38),0) -> 44 | D32: 43
B33: Tank Wall | C33: ='Concrete Substructure'!K42 -> 29.5275 | D33: 29
B34: Lift Pit Wall | C34: =ROUND('Concrete Substructure'!K59,0) -> 3 | D34: 3
B35: Slab on grade | C35: =ROUNDUP('Concrete Substructure'!K40,0) -> 80 | D35: 57
B37: Reinforcement
B38: Raft | C38: ='Rebar-Substructure'!F89 -> 5856.5957 | D38: 5608 | E38: =C38-D38 -> 248.59569
B39: Footing | C39: ='Rebar-Substructure'!F88 -> 4690.4007 | D39: 5879 | E39: =C39-D39 -> -1188.5993
B40: Column Neck | C40: ='Rebar-Substructure'!AC62 -> 1884.4987 | D40: 1626 | E40: =C40-D40 -> 258.49875
B41: Wall | C41: ='Rebar-Substructure'!AX30 -> 468.79267 | D41: 508 | E41: =C41-D41 -> -39.207332
B42: Grade Beam | C42: ='Rebar-Substructure'!BR55 -> 7495.6543 | D42: 8109 | E42: =C42-D42 -> -613.34569
B43: Tank Wall | C43: ='Rebar-Substructure'!CM12 -> 3160.0058 | D43: 3115 | E43: =C43-D43 -> 45.005843
B44: Lift Pit Wall | C44: ='Rebar-Substructure'!DH19 -> 958.92996 | D44: 676 | E44: =C44-D44 -> 282.92996
B45: Slab on grade | C45: ='Rebar-Substructure'!EB19 -> 3493.335 | D45: 3076 | E45: =C45-D45 -> 417.33496
B47: Shuttering
B48: To sides of raft | C48: =SUM('Concrete Substructure'!L26:L27) -> 41.37 | D48: 41
B49: To sides of footing | C49: =SUM('Concrete Substructure'!L14:L25) -> 149.35 | D49: 143
B50: To sides of column neck | C50: =SUM('Concrete Substructure'!L45:L57) -> 95.37 | D50: 122
B51: To sides of wall | C51: =SUM('Concrete Substructure'!L60:L62) -> 19.8 | D51: 27
B52: To sides of grade beam | C52: =SUM('Concrete Substructure'!L29:L38) -> 362.864 | D52: 392
B53: To sides of tank wall | C53: ='Concrete Substructure'!M42 -> 227.23 | D53: 231
B54: To sides of lift pit wall | C54: =SUM('Concrete Substructure'!L59) -> 23.4 | D54: 27
B55: Slab on grade | G55: kanan
B57: SUPERSTRUCTURE
B58: Reinforced Concrete
B59: Column | C59: =ROUNDUP(SUM('Concrete SuperStructure'!K13:K48),0) -> 53 | D59: 41
B60: Suspended slab | C60: =SUM('Concrete SuperStructure'!K60:K66) -> 273.763 | D60: 323
B61: Beam, Capping beam & Stair beam | C61: =SUM('Concrete SuperStructure'!K69:K141) -> 114.4251 | D61: 106 | E61: =C61-D61 -> 8.4251
B62: Shear wall | C62: =SUM('Concrete SuperStructure'!K146:K148) -> 19.866 | D62: 18
B63: Core wall | C63: ='Concrete SuperStructure'!K143 -> 19.096 | D63: 16 | E63: =C63-D63 -> 3.096
B64: Upstand | C64: ='Concrete SuperStructure'!K135+'Concrete SuperStructure'!K122+'Concrete SuperStructure'!K101 -> 10.132 | D64: 10
B66: Reinforcement
B67: Column | C67: ='Rebar-Superstructure'!H168 -> 7828.5384 | D67: 7275 | E67: =C67-D67 -> 553.53843
B68: Suspended slab | C68: ='Rebar-Superstructure'!CL21 -> 25543.468 | D68: 25992
B69: Beam, Capping beam & Stair beam | D69: 19610
B70: Shear wall | C70: ='Rebar-Superstructure'!AC47 -> 2674.0222 | D70: 3056
B71: Core wall | C71: ='Rebar-Superstructure'!BR36 -> 3324.5313 | D71: 3496
B72: Upstand | D72: 1077
L73: =0.926-0.763 -> 0.163
B74: Shuttering
B75: To sides of column | C75: =SUM('Concrete SuperStructure'!L13:L48) -> 596.642 | D75: 508
B76: To sides and soffit of suspended slab | C76: ='Rebar-Superstructure'!CK18+'Rebar-Superstructure'!CK19 -> 1122 | D76: 1294
B77: To sides and soffit of beam, capping beam & stair beam | D77: 830
B78: To sides of shear wall | C78: ='Concrete SuperStructure'!L143 -> 157.48 | D78: 155
B79: To sides of core wall | C79: =SUM('Concrete SuperStructure'!L146:L148) -> 158.24 | D79: 56 | E79: =C79-D79 -> 102.24
B80: To sides of upstand | D80: 96
B82: Lightweight Concrete
B83: CONCRETE WORK
B84: SUBSTRUCTURE
B86: THERMAL AND MOISTURE PROTECTION
B87: SUBSTRUCTURE
B89: Two layers bituminous paint waterproofing, complete; all in accordance with the drawings and specification
B90: Laid horizontally | C90: ='Concrete Substructure'!O11 -> 924.67 | D90: 979
B91: Laid vertically | C91: ='Concrete Substructure'!P11 -> 680.154 | D91: 741
B93: Approved membrane waterproofing, complete; all in accordance with the drawings and specification
B94: To Underground Water Tank | D94: 292
B96: Water stop bars, complete; all in accordance with the drawings and specification
B97: To Underground Water Tank | C97: 38 | D97: 39
B99: Protection screed, complete; all in accordance with the drawings and specification
B100: 50mm thick protection screed | C100: =PCC!M11 -> 881.3575 | D100: 862
B102: Protection board; all in accordance with the drawings and specification
B103: Laid vertically | D103: 982
B105: Internally - Ref. A-GRP-01, GRP Lining
B106: To water tank (floor, wall & ceiling) | C106: =SUM('Waterproofing Works'!J116:J118) -> 94.4 | D106: 94
B108: WET AREAS WATERPROOFING
B110: Horizontally | C110: ='Waterproofing Works'!J106 -> 101.665 | D110: 127
B111: To shower areas (vertically) | C111: ='Waterproofing Works'!J107 -> 73.395 | D111: 84
B112: To wc areas (vertically) | C112: ='Waterproofing Works'!J108 -> 14.862 | D112: 14
B113: To washbasin areas (vertically) | C113: ='Waterproofing Works'!J109 -> 19.182 | D113: 15
B114: Vertically, 150mm above FFL | C114: ='Waterproofing Works'!G110 -> 48.58 | D114: 77
B116: A-WP-03, Balcony Waterproofing | C116: ='Waterproofing Works'!J111 -> 54.56 | D116: 36 | E116: =C116-D116 -> 18.56
B118: A-WP-01, To MEP Zone | C118: ='Waterproofing Works'!J99 -> 77 | D118: 79
B120: Roof Waterproofing System
B121: A-WP-01, To Roof | C121: =C125 -> 385 | D121: 381
B122: A-WP-01, To Garage Roof | C122: ='Waterproofing Works'!J113 -> 60.8 | D122: 61
B124: Roof Gravel
B125: A-RGF-01, Roof Gravel | C125: ='Waterproofing Works'!J112 -> 385 | D125: 381

Sheet Rebar-Substructure
BO2: GRADE BEAMS | CJ2: TANK WALL | DE2: LIFT PIT WALL | DY2: SLAB ON GRADE
B3: FOOTING | Y3: COLUMN NECK | AT3: SHEAR WALL
AD4: Depth Of Excavation | BO4: Rebars | CJ4: Rebars | DE4: Rebars | DY4: Rebars | DZ4: A = 470
B5: Rebars | Y5: Rebars | AT5: Rebars | BO5: Mark | BP5: Member | BQ5: Bar Name | BR5: Bar | BS5: Spacing | BT5: Depth | BU5: Width | BV5: Length | BW5: Qty | BX5: Timesing | BY5: a | BZ5: b | CA5: c | CB5: d | CC5: e | CD5: Length per Bar | CE5: Total Length | CF5: wt/m | CG5: Total Weight | CJ5: Mark | CK5: Member | CL5: Bar Name | CM5: Bar | CN5: Spacing | CO5: Height | CP5: Width | CQ5: Length | CR5: Qty | CS5: Timesing | CT5: a | CU5: b | CV5: c | CW5: d | CX5: e | CY5: Length per Bar | CZ5: Total Length | DA5: wt/m | DB5: Total Weight | DE5: Mark | DF5: Member | DG5: Bar Name | DH5: Bar | DI5: Spacing | DJ5: Height | DK5: Width | DL5: Length | DM5: Qty | DN5: Timesing | DO5: a | DP5: b | DQ5: c | DR5: d | DS5: e | DT5: Length per Bar | DU5: Total Length | DV5: wt/m | DW5: Total Weight | DY5: Mark | DZ5: Member | EA5: Bar Name | EB5: Bar | EC5: Spacing | ED5: Height | EE5: Width | EF5: Length | EG5: Qty | EH5: Timesing | EI5: a | EJ5: b | EK5: c | EL5: d | EM5: e | EN5: Length per Bar | EO5: Total Length | EP5: wt/m | EQ5: Total Weight
B6: Mark | C6: Member | D6: Bar Name | E6: Bar | F6: Spacing | G6: Length | H6: Width | I6: Thk | J6: Qty | K6: Timesing | L6: a | M6: b | N6: c | O6: d | P6: e | Q6: Length per Bar | R6: Total Length | S6: wt/m | T6: Total Weight | Y6: Mark | Z6: Member | AA6: Bar Name | AB6: Bar | AC6: Spacing | AD6: Length | AE6: Width | AF6: Height | AG6: Qty | AH6: Timesing | AI6: a | AJ6: b | AK6: c | AL6: d | AM6: e | AN6: Length per Bar | AO6: Total Length | AP6: wt/m | AQ6: Total Weight | AT6: Mark | AU6: Member | AV6: Bar Name | AW6: Bar | AX6: Spacing | AY6: Length | AZ6: Width | BA6: Height | BB6: Qty | BC6: Timesing | BD6: a | BE6: b | BF6: c | BG6: d | BH6: e | BI6: Length per Bar | BJ6: Total Length | BK6: wt/m | BL6: Total Weight | BO6: GB-1 | BP6: Grade Beam | BQ6: Bottom Bars | BR6: 16 | BS6: 0 | BT6: 0.4 | BU6: 0.25 | BV6: 4.9 | BW6: 4 | BX6: 1 | BY6: =BV6 -> 4.9 | CD6: =SUM(BY6:CC6) -> 4.9 | CE6: =BW6*CD6*BX6 -> 19.6 | CF6: =PI()*(BR6/1000)^2*0.25*1*7850 -> 1.5783361 | CG6: =CE6*CF6 -> 30.935389 | CL6: Horizontal | CM6: 10 | CN6: 150 | CO6: =1.5+0.5+1+0.1 -> 3.1 | CQ6: 37.2 | CR6: =ROUND((CO6/(CN6/1000))+1,0) -> 22 | CS6: 2 | CT6: =CQ6 -> 37.2 | CY6: =SUM(CT6:CX6) -> 37.2 | CZ6: =CR6*CY6*CS6 -> 1636.8 | DA6: =PI()*(CM6/1000)^2*0.25*1*7850 -> 0.61653756 | DB6: =CZ6*DA6 -> 1009.1487 | DF6: ok | DG6: Vertical | DH6: 20 | DI6: 150 | DJ6: 1.2 | DK6: 0.25 | DL6: 2.35 | DM6: 20 | DN6: 2 | DO6: =DJ6 -> 1.2 | DP6: 0.35 | DQ6: =0.6-0.075 -> 0.525 | DT6: =SUM(DO6:DS6) -> 2.075 | DU6: =DM6*DT6*DN6 -> 83 | DV6: =PI()*(DH6/1000)^2*0.25*1*7850 -> 2.4661502 | DW6: =DU6*DV6 -> 204.69047 | DZ6: ok | EA6: At Long Side | EB6: 10 | EC6: 200 | EE6: 5.3 | EF6: 6.5 | EG6: =ROUND((EE6/(EC6/1000))+1,0) -> 28 | EH6: 1 | EI6: 0.1 | EJ6: =EF7 -> 6.5 | EN6: =SUM(EI6:EM6) -> 6.6 | EO6: =EG6*EN6*EH6 -> 184.8 | EP6: =PI()*(EB6/1000)^2*0.25*1*7850 -> 0.61653756 | EQ6: =EO6*EP6 -> 113.93614
B7: F-01 | C7: Isolated Footing | D7: At Short Span (Bottom) | E7: 12 | F7: 200 | G7: 1.2 | H7: 1.5 | I7: 0.3 | J7: =ROUND(((G7-0.075*2)/(F7/1000))+1,0) -> 6 | K7: 1 | L7: =I7-0.075*2 -> 0.15 | M7: =H7-0.075*2 -> 1.35 | N7: =L7 -> 0.15 | Q7: =SUM(L7:P7) -> 1.65 | R7: =J7*Q7*K7 -> 9.9 | S7: =PI()*(E7/1000)^2*0.25*1*7850 -> 0.88781408 | T7: =R7*S7 -> 8.7893594 | U7: ok | Y7: C1 | Z7: Neck Column | AA7: Vertical Bars | AB7: 16 | AC7: as shown | AD7: 0.4 | AE7: 0.25 | AF7: 1.5 | AG7: 6 | AH7: 1 | AI7: =AF7-0.075 -> 1.425 | AJ7: =16*(AB7/1000) -> 0.256 | AN7: =SUM(AI7:AM7) -> 1.681 | AO7: =AG7*AN7*AH7 -> 10.086 | AP7: =PI()*(AB7/1000)^2*0.25*1*7850 -> 1.5783361 | AQ7: =AO7*AP7 -> 15.919098 | AT7: W1 | AU7: Shear Wall | AV7: Main Vertical Bars | AW7: 20 | AX7: as shown | BA7: 1.5 | BB7: 12 | BC7: 2 | BD7: =BA7-0.075*2 -> 1.35 | BE7: =16*(AW7/1000) -> 0.32 | BI7: =SUM(BD7:BH7) -> 1.67 | BJ7: =BB7*BI7*BC7 -> 40.08 | BK7: =PI()*(AW7/1000)^2*0.25*1*7850 -> 2.4661502 | BL7: =BJ7*BK7 -> 98.843301 | BQ7: Top Bars | BR7: 16 | BS7: 0 | BT7: 0.4 | BU7: 0.25 | BV7: 4.9 | BW7: 6 | BX7: 1 | BY7: =BV7 -> 4.9 | CD7: =SUM(BY7:CC7) -> 4.9 | CE7: =BW7*CD7*BX7 -> 29.4 | CF7: =PI()*(BR7/1000)^2*0.25*1*7850 -> 1.5783361 | CG7: =CE7*CF7 -> 46.403083 | CL7: Vertical | CM7: 12 | CN7: 150 | CO7: =CO6 -> 3.1 | CQ7: 37.2 | CR7: =ROUND((CQ7/(CN7/1000))+1,0) -> 249 | CS7: 2 | CT7: =CO7 -> 3.1 | CU7: =0.5-0.075 -> 0.425 | CV7: 0.4 | CW7: 0.14 | CX7: =0.2-0.05 -> 0.15 | CY7: =SUM(CT7:CX7) -> 4.215 | CZ7: =CR7*CY7*CS7 -> 2099.07 | DA7: =PI()*(CM7/1000)^2*0.25*1*7850 -> 0.88781408 | DB7: =CZ7*DA7 -> 1863.5839 | DG7: Vertical | DH7: 20 | DI7: 150 | DJ7: 1.2 | DL7: 37.2 | DM7: 24 | DN7: 2 | DO7: =DJ7 -> 1.2 | DP7: =DP6 -> 0.35 | DQ7: =DQ6 -> 0.525 | DT7: =SUM(DO7:DS7) -> 2.075 | DU7: =DM7*DT7*DN7 -> 99.6 | DV7: =PI()*(DH7/1000)^2*0.25*1*7850 -> 2.4661502 | DW7: =DU7*DV7 -> 245.62856 | EA7: At Short Side | EB7: 10 | EC7: 200 | EE7: 5.3 | EF7: 6.5 | EG7: =ROUND((EF7/(EC7/1000))+1,0) -> 34 | EH7: 1 | EI7: 0.1 | EJ7: =EE6 -> 5.3 | EN7: =SUM(EI7:EM7) -> 5.4 | EO7: =EG7*EN7*EH7 -> 183.6 | EP7: =PI()*(EB7/1000)^2*0.25*1*7850 -> 0.61653756 | EQ7: =EO7*EP7 -> 113.1963
D8: At Long Span (Bottom) | E8: 12 | F8: 200 | G8: 1.2 | H8: 1.5 | I8: 0.3 | J8: =ROUND(((H8-0.075*2)/(F8/1000))+1,0) -> 8 | K8: 1 | L8: =I8-0.075*2 -> 0.15 | M8: =G8-0.075*2 -> 1.05 | N8: =L8 -> 0.15 | Q8: =SUM(L8:P8) -> 1.35 | R8: =J8*Q8*K8 -> 10.8 | S8: =PI()*(E8/1000)^2*0.25*1*7850 -> 0.88781408 | T8: =R8*S8 -> 9.5883921 | AA8: Column Ties | AB8: 10 | AC8: 200 | AD8: 0.4 | AE8: 0.25 | AF8: 1.5 | AG8: =ROUND(((1.5-0.075)/(AC8/1000))+1,0) -> 8 | AH8: 1 | AI8: =AD8-0.04*2 -> 0.32 | AJ8: =AE8-0.04*2 -> 0.17 | AK8: =AI8 -> 0.32 | AL8: =AJ8 -> 0.17 | AM8: =10*(AB8/1000) -> 0.1 | AN8: =SUM(AI8:AM8) -> 1.08 | AO8: =AG8*AN8*AH8 -> 8.64 | AP8: =PI()*(AB8/1000)^2*0.25*1*7850 -> 0.61653756 | AQ8: =AO8*AP8 -> 5.3268845 | AV8: Intermediate Vertical Bars | AW8: 16 | AX8: 200 | AY8: =2.5-0.55*2 -> 1.4 | BA8: 1.5 | BB8: 14 | BC8: 1 | BD8: =BA8-0.075*2 -> 1.35 | BE8: =16*(AW8/1000) -> 0.256 | BI8: =SUM(BD8:BH8) -> 1.606 | BJ8: =BB8*BI8*BC8 -> 22.484 | BK8: =PI()*(AW8/1000)^2*0.25*1*7850 -> 1.5783361 | BL8: =BJ8*BK8 -> 35.48731 | BQ8: Links | BR8: 10 | BS8: 200 | BT8: 0.4 | BU8: 0.25 | BV8: 4.9 | BW8: =ROUND((BV8/(BS8/1000))+1,0) -> 26 | BX8: 1 | BY8: =BT8-0.04*2 -> 0.32 | BZ8: =BU8-0.04*2 -> 0.17 | CA8: =BY8 -> 0.32 | CB8: =BZ8 -> 0.17 | CC8: =(10*BR8)/1000 -> 0.1 | CD8: =SUM(BY8:CC8) -> 1.08 | CE8: =BW8*CD8*BX8 -> 28.08 | CF8: =PI()*(BR8/1000)^2*0.25*1*7850 -> 0.61653756 | CG8: =CE8*CF8 -> 17.312375 | DG8: Vertical | DH8: 12 | DI8: 200 | DJ8: 1.2 | DL8: 37.2 | DM8: 12 | DN8: 1 | DO8: =DJ8 -> 1.2 | DP8: =DP7 -> 0.35 | DQ8: =DQ7 -> 0.525 | DT8: =SUM(DO8:DS8) -> 2.075 | DU8: =DM8*DT8*DN8 -> 24.9 | DV8: =PI()*(DH8/1000)^2*0.25*1*7850 -> 0.88781408 | DW8: =DU8*DV8 -> 22.106571
D9: At Short Span (Top) | E9: 12 | F9: 250 | G9: 1.2 | H9: 1.5 | I9: 0.3 | J9: =ROUND(((G9-0.075*2)/(F9/1000))+1,0) -> 5 | K9: 1 | L9: =I9-0.075*2 -> 0.15 | M9: =H9-0.075*2 -> 1.35 | N9: =L9 -> 0.15 | Q9: =SUM(L9:P9) -> 1.65 | R9: =J9*Q9*K9 -> 8.25 | S9: =PI()*(E9/1000)^2*0.25*1*7850 -> 0.88781408 | T9: =R9*S9 -> 7.3244662 | Y9: C1* | Z9: Neck Column | AA9: Vertical Bars | AB9: 16 | AC9: as shown | AD9: 0.4 | AE9: 0.25 | AF9: 1.5 | AG9: 6 | AH9: 1 | AI9: =AF9-0.075 -> 1.425 | AJ9: =16*(AB9/1000) -> 0.256 | AN9: =SUM(AI9:AM9) -> 1.681 | AO9: =AG9*AN9*AH9 -> 10.086 | AP9: =PI()*(AB9/1000)^2*0.25*1*7850 -> 1.5783361 | AQ9: =AO9*AP9 -> 15.919098 | AV9: Column Ties Main Bars | AW9: 10 | AX9: 200 | AY9: 2.5 | AZ9: 0.3 | BA9: 1.5 | BB9: =ROUND(((1.5-0.075)/(AX9/1000))+1,0) -> 8 | BC9: 1 | BD9: =AY9-0.04*2 -> 2.42 | BE9: =AZ9-0.04*2 -> 0.22 | BF9: =BD9 -> 2.42 | BG9: =BE9 -> 0.22 | BH9: =10*(AW9/1000) -> 0.1 | BI9: =SUM(BD9:BH9) -> 5.38 | BJ9: =BB9*BI9*BC9 -> 43.04 | BK9: =PI()*(AW9/1000)^2*0.25*1*7850 -> 0.61653756 | BL9: =BJ9*BK9 -> 26.535777 | BQ9: Side Bars | BR9: 12 | BS9: 0 | BT9: 0.4 | BU9: 0.25 | BV9: 4.9 | BW9: 2 | BX9: 1 | BY9: =BV9 -> 4.9 | CD9: =SUM(BY9:CC9) -> 4.9 | CE9: =BW9*CD9*BX9 -> 9.8 | CF9: =PI()*(BR9/1000)^2*0.25*1*7850 -> 0.88781408 | CG9: =CE9*CF9 -> 8.700578 | CJ9: SUMMARY | DG9: Vertical | DH9: 16 | DI9: 150 | DJ9: 1.2 | DL9: 37.2 | DM9: 36 | DN9: 2 | DO9: =DJ9 -> 1.2 | DP9: =DP8 -> 0.35 | DQ9: =DQ8 -> 0.525 | DT9: =SUM(DO9:DS9) -> 2.075 | DU9: =DM9*DT9*DN9 -> 149.4 | DV9: =PI()*(DH9/1000)^2*0.25*1*7850 -> 1.5783361 | DW9: =DU9*DV9 -> 235.80342
D10: At Long Span (Top) | E10: 12 | F10: 250 | G10: 1.2 | H10: 1.5 | I10: 0.3 | J10: =ROUND(((H10-0.075*2)/(F10/1000))+1,0) -> 6 | K10: 1 | L10: =I10-0.075*2 -> 0.15 | M10: =G10-0.075*2 -> 1.05 | N10: =L10 -> 0.15 | Q10: =SUM(L10:P10) -> 1.35 | R10: =J10*Q10*K10 -> 8.1 | S10: =PI()*(E10/1000)^2*0.25*1*7850 -> 0.88781408 | T10: =R10*S10 -> 7.1912941 | AA10: Column Ties | AB10: 10 | AC10: 200 | AD10: 0.4 | AE10: 0.25 | AF10: 1.5 | AG10: =ROUND(((1.5-0.075)/(AC10/1000))+1,0) -> 8 | AH10: 1 | AI10: =AD10-0.04*2 -> 0.32 | AJ10: =AE10-0.04*2 -> 0.17 | AK10: =AI10 -> 0.32 | AL10: =AJ10 -> 0.17 | AM10: =10*(AB10/1000) -> 0.1 | AN10: =SUM(AI10:AM10) -> 1.08 | AO10: =AG10*AN10*AH10 -> 8.64 | AP10: =PI()*(AB10/1000)^2*0.25*1*7850 -> 0.61653756 | AQ10: =AO10*AP10 -> 5.3268845 | AV10: Column Ties Main Bars | AW10: 10 | AX10: 200 | AY10: 0.55 | AZ10: 0.3 | BA10: 1.5 | BB10: =ROUND(((1.5-0.075)/(AX10/1000))+1,0) -> 8 | BC10: 2 | BD10: =AY10-0.04 -> 0.51 | BE10: =AZ10-0.04*2 -> 0.22 | BF10: =BD10 -> 0.51 | BG10: =BE10 -> 0.22 | BH10: =10*(AW10/1000) -> 0.1 | BI10: =SUM(BD10:BH10) -> 1.56 | BJ10: =BB10*BI10*BC10 -> 24.96 | BK10: =PI()*(AW10/1000)^2*0.25*1*7850 -> 0.61653756 | BL10: =BJ10*BK10 -> 15.388777 | BO10: GB-2 | BP10: Grade Beam | BQ10: Bottom Bars | BR10: 16 | BS10: 0 | BT10: 0.3 | BU10: 0.82 | BV10: 3.55 | BW10: 4 | BX10: 1 | BY10: =BV10 -> 3.55 | CD10: =SUM(BY10:CC10) -> 3.55 | CE10: =BW10*CD10*BX10 -> 14.2 | CF10: =PI()*(BR10/1000)^2*0.25*1*7850 -> 1.5783361 | CG10: =CE10*CF10 -> 22.412373 | CJ10: WATER TANK | CK10: WEIGHT | CL10: LENGTH | CM10: Total Weight | DG10: Link | DH10: 12 | DI10: 150 | DJ10: 1.2 | DK10: 0.25 | DL10: 2.35 | DM10: =ROUND((DJ10/(DI10/1000))+1,0) -> 9 | DN10: 2 | DO10: =DL10-0.05*2 -> 2.25 | DP10: =DK10-0.05*2 -> 0.15 | DQ10: =DO10 -> 2.25 | DR10: =DP10 -> 0.15 | DT10: =SUM(DO10:DS10) -> 4.8 | DU10: =DM10*DT10*DN10 -> 86.4 | DV10: =PI()*(DH10/1000)^2*0.25*1*7850 -> 0.88781408 | DW10: =DU10*DV10 -> 76.707137
B11: F-02 | C11: Isolated Footing | D11: At Short Span (Bottom) | E11: 12 | F11: 200 | G11: 1.3 | H11: 1.7 | I11: 0.3 | J11: =ROUND(((G11-0.075*2)/(F11/1000))+1,0) -> 7 | K11: 1 | L11: =I11-0.075*2 -> 0.15 | M11: =H11-0.075*2 -> 1.55 | N11: =L11 -> 0.15 | Q11: =SUM(L11:P11) -> 1.85 | R11: =J11*Q11*K11 -> 12.95 | S11: =PI()*(E11/1000)^2*0.25*1*7850 -> 0.88781408 | T11: =R11*S11 -> 11.497192 | Y11: C2 | Z11: Neck Column | AA11: Vertical Bars | AB11: 25 | AC11: as shown | AD11: 0.8 | AE11: 0.25 | AF11: 1.5 | AG11: 10 | AH11: 1 | AI11: =AF11-0.075 -> 1.425 | AJ11: =16*(AB11/1000) -> 0.4 | AN11: =SUM(AI11:AM11) -> 1.825 | AO11: =AG11*AN11*AH11 -> 18.25 | AP11: =PI()*(AB11/1000)^2*0.25*1*7850 -> 3.8533597 | AQ11: =AO11*AP11 -> 70.323815 | AV11: C Bar Main Bars | AW11: 10 | AX11: 200 | AY11: 0.55 | AZ11: 0.3 | BA11: 1.5 | BB11: =ROUND(((1.5-0.075)/(AX11/1000))+1,0) -> 8 | BC11: 2 | BD11: 0.1 | BE11: =AZ11-0.04*2 -> 0.22 | BF11: 0.1 | BI11: =SUM(BD11:BH11) -> 0.42 | BJ11: =BB11*BI11*BC11 -> 6.72 | BK11: =PI()*(AW11/1000)^2*0.25*1*7850 -> 0.61653756 | BL11: =BJ11*BK11 -> 4.1431324 | BQ11: Top Bars | BR11: 16 | BS11: 0 | BT11: =BT10 -> 0.3 | BU11: =BU10 -> 0.82 | BV11: 3.55 | BW11: 6 | BX11: 1 | BY11: =BV11 -> 3.55 | CD11: =SUM(BY11:CC11) -> 3.55 | CE11: =BW11*CD11*BX11 -> 21.3 | CF11: =PI()*(BR11/1000)^2*0.25*1*7850 -> 1.5783361 | CG11: =CE11*CF11 -> 33.61856 | CJ11: Water Tank | CK11: =DB6+DB7 -> 2872.7326 | CL11: 1 | CM11: =CK11*CL11*1.1 -> 3160.0058 | DG11: Link | DH11: 12 | DI11: 150 | DJ11: 1.2 | DK11: 0.25 | DL11: 2.125 | DM11: =ROUND((DJ11/(DI11/1000))+1,0) -> 9 | DN11: 2 | DO11: =DL11-0.05*2 -> 2.025 | DP11: =DK11-0.05*2 -> 0.15 | DQ11: =DO11 -> 2.025 | DR11: =DP11 -> 0.15 | DT11: =SUM(DO11:DS11) -> 4.35 | DU11: =DM11*DT11*DN11 -> 78.3 | DV11: =PI()*(DH11/1000)^2*0.25*1*7850 -> 0.88781408 | DW11: =DU11*DV11 -> 69.515843
D12: At Long Span (Bottom) | E12: 12 | F12: 200 | G12: 1.3 | H12: 1.7 | I12: 0.3 | J12: =ROUND(((H12-0.075*2)/(F12/1000))+1,0) -> 9 | K12: 1 | L12: =I12-0.075*2 -> 0.15 | M12: =G12-0.075*2 -> 1.15 | N12: =L12 -> 0.15 | Q12: =SUM(L12:P12) -> 1.45 | R12: =J12*Q12*K12 -> 13.05 | S12: =PI()*(E12/1000)^2*0.25*1*7850 -> 0.88781408 | T12: =R12*S12 -> 11.585974 | AA12: Column Ties | AB12: 10 | AC12: 200 | AD12: 0.8 | AE12: 0.25 | AF12: 1.5 | AG12: =ROUND(((1.5-0.075)/(AC12/1000))+1,0) -> 8 | AH12: 1 | AI12: =AD12-0.04*2 -> 0.72 | AJ12: =AE12-0.04*2 -> 0.17 | AK12: =AI12 -> 0.72 | AL12: =AJ12 -> 0.17 | AM12: =10*(AB12/1000) -> 0.1 | AN12: =SUM(AI12:AM12) -> 1.88 | AO12: =AG12*AN12*AH12 -> 15.04 | AP12: =PI()*(AB12/1000)^2*0.25*1*7850 -> 0.61653756 | AQ12: =AO12*AP12 -> 9.2727249 | AV12: C Bars Intermediatte | AW12: 10 | AX12: 400 | AY12: 0.55 | AZ12: 0.3 | BA12: 1.5 | BB12: =BB11 -> 8 | BC12: 3 | BD12: 0.1 | BE12: =AZ12-0.04*2 -> 0.22 | BF12: 0.1 | BI12: =SUM(BD12:BH12) -> 0.42 | BJ12: =BB12*BI12*BC12 -> 10.08 | BK12: =PI()*(AW12/1000)^2*0.25*1*7850 -> 0.61653756 | BL12: =BJ12*BK12 -> 6.2146986 | BQ12: Links | BR12: 10 | BS12: 250 | BT12: =BT11 -> 0.3 | BU12: =BU11 -> 0.82 | BV12: 3.55 | BW12: =ROUND((BV12/(BS12/1000))+1,0) -> 15 | BX12: 1 | BY12: =BT12-0.04*2 -> 0.22 | BZ12: =BU12-0.04*2 -> 0.74 | CA12: =BY12 -> 0.22 | CB12: =BZ12 -> 0.74 | CC12: =(10*BR12)/1000 -> 0.1 | CD12: =SUM(BY12:CC12) -> 2.02 | CE12: =BW12*CD12*BX12 -> 30.3 | CF12: =PI()*(BR12/1000)^2*0.25*1*7850 -> 0.61653756 | CG12: =CE12*CF12 -> 18.681088 | CJ12: WALL | CM12: =SUM(CM11:CM11) -> 3160.0058 | DG12: Link 1 | DH12: 12 | DI12: 150 | DJ12: 1.2 | DK12: 0.25 | DL12: 2.125 | DM12: =ROUND((DJ12/(DI12/1000))+1,0) -> 9 | DN12: 4 | DO12: 0.67 | DP12: =DK12-0.05*2 -> 0.15 | DQ12: =DO12 -> 0.67 | DR12: =DP12 -> 0.15 | DT12: =SUM(DO12:DS12) -> 1.64 | DU12: =DM12*DT12*DN12 -> 59.04 | DV12: =PI()*(DH12/1000)^2*0.25*1*7850 -> 0.88781408 | DW12: =DU12*DV12 -> 52.416544
D13: At Short Span (Top) | E13: 12 | F13: 250 | G13: 1.3 | H13: 1.7 | I13: 0.3 | J13: =ROUND(((G13-0.075*2)/(F13/1000))+1,0) -> 6 | K13: 1 | L13: =I13-0.075*2 -> 0.15 | M13: =H13-0.075*2 -> 1.55 | N13: =L13 -> 0.15 | Q13: =SUM(L13:P13) -> 1.85 | R13: =J13*Q13*K13 -> 11.1 | S13: =PI()*(E13/1000)^2*0.25*1*7850 -> 0.88781408 | T13: =R13*S13 -> 9.8547363 | AA13: Column Ties | AB13: 10 | AC13: 200 | AD13: 0.8 | AE13: 0.25 | AF13: 1.5 | AG13: =ROUND(((1.5-0.075)/(AC13/1000))+1,0) -> 8 | AH13: 1 | AI13: =10*(AB13/1000) -> 0.1 | AJ13: =AE13-0.04*2 -> 0.17 | AK13: =AI13 -> 0.1 | AN13: =SUM(AI13:AM13) -> 0.37 | AO13: =AG13*AN13*AH13 -> 2.96 | AP13: =PI()*(AB13/1000)^2*0.25*1*7850 -> 0.61653756 | AQ13: =AO13*AP13 -> 1.8249512 | AT13: W2 | AU13: Shear Wall | AV13: Main Vertical Bars | AW13: 16 | AX13: as shown | BA13: 1.5 | BB13: 4 | BC13: 2 | BD13: =BA13-0.075*2 -> 1.35 | BE13: =16*(AW13/1000) -> 0.256 | BI13: =SUM(BD13:BH13) -> 1.606 | BJ13: =BB13*BI13*BC13 -> 12.848 | BK13: =PI()*(AW13/1000)^2*0.25*1*7850 -> 1.5783361 | BL13: =BJ13*BK13 -> 20.278463 | BQ13: Side Bars | BR13: 12 | BS13: =BS11 -> 0 | BT13: 0.4 | BU13: 0.25 | BV13: =BV12 -> 3.55 | BW13: 2 | BX13: 1 | BY13: =BV13 -> 3.55 | CD13: =SUM(BY13:CC13) -> 3.55 | CE13: =BW13*CD13*BX13 -> 7.1 | CF13: =PI()*(BR13/1000)^2*0.25*1*7850 -> 0.88781408 | CG13: =CE13*CF13 -> 6.30348 | DG13: Link 2 | DH13: 12 | DI13: 150 | DJ13: 1.2 | DK13: 0.25 | DL13: 2.125 | DM13: =ROUND((DJ13/(DI13/1000))+1,0) -> 9 | DN13: 4 | DO13: 0.5 | DP13: =DK13-0.05*2 -> 0.15 | DQ13: =DO13 -> 0.5 | DR13: =DP13 -> 0.15 | DT13: =SUM(DO13:DS13) -> 1.3 | DU13: =DM13*DT13*DN13 -> 46.8 | DV13: =PI()*(DH13/1000)^2*0.25*1*7850 -> 0.88781408 | DW13: =DU13*DV13 -> 41.549699
D14: At Long Span (Top) | E14: 12 | F14: 250 | G14: 1.3 | H14: 1.7 | I14: 0.3 | J14: =ROUND(((H14-0.075*2)/(F14/1000))+1,0) -> 7 | K14: 1 | L14: =I14-0.075*2 -> 0.15 | M14: =G14-0.075*2 -> 1.15 | N14: =L14 -> 0.15 | Q14: =SUM(L14:P14) -> 1.45 | R14: =J14*Q14*K14 -> 10.15 | S14: =PI()*(E14/1000)^2*0.25*1*7850 -> 0.88781408 | T14: =R14*S14 -> 9.011313 | Y14: C3 | Z14: Neck Column | AA14: Vertical Bars | AB14: 16 | AC14: as shown | AD14: 0.8 | AE14: 0.25 | AF14: 1.5 | AG14: 12 | AH14: 1 | AI14: =AF14-0.075 -> 1.425 | AJ14: =16*(AB14/1000) -> 0.256 | AN14: =SUM(AI14:AM14) -> 1.681 | AO14: =AG14*AN14*AH14 -> 20.172 | AP14: =PI()*(AB14/1000)^2*0.25*1*7850 -> 1.5783361 | AQ14: =AO14*AP14 -> 31.838197 | AV14: Intermediate Vertical Bars | AW14: 12 | AX14: as shown | BA14: 1.5 | BB14: 10 | BC14: 1 | BD14: =BA14-0.075*2 -> 1.35 | BE14: =16*(AW14/1000) -> 0.192 | BI14: =SUM(BD14:BH14) -> 1.542 | BJ14: =BB14*BI14*BC14 -> 15.42 | BK14: =PI()*(AW14/1000)^2*0.25*1*7850 -> 0.88781408 | BL14: =BJ14*BK14 -> 13.690093 | BO14: GB-3 | BP14: Grade Beam | BQ14: Bottom Bars | BR14: 16 | BS14: 0 | BT14: 0.25 | BU14: 0.82 | BV14: 2.93 | BW14: 2 | BX14: 1 | BY14: =BV14 -> 2.93 | CD14: =SUM(BY14:CC14) -> 2.93 | CE14: =BW14*CD14*BX14 -> 5.86 | CF14: =PI()*(BR14/1000)^2*0.25*1*7850 -> 1.5783361 | CG14: =CE14*CF14 -> 9.2490498 | DG14: C- Bars | DH14: 8 | DI14: 400 | DJ14: 1.2 | DK14: 0.25 | DL14: 2.125 | DM14: =ROUND((DJ14/(DI14/1000))+1,0) -> 4 | DN14: 18 | DO14: 0.17 | DP14: =0.1 -> 0.1 | DR14: =DP14 -> 0.1 | DT14: =SUM(DO14:DS14) -> 0.37 | DU14: =DM14*DT14*DN14 -> 26.64 | DV14: =PI()*(DH14/1000)^2*0.25*1*7850 -> 0.39458404 | DW14: =DU14*DV14 -> 10.511719
B15: F-03 | C15: Isolated Footing | D15: At Short Span (Bottom) | E15: 12 | F15: 200 | G15: 1.4 | H15: 1.7 | I15: 0.3 | J15: =ROUND(((G15-0.075*2)/(F15/1000))+1,0) -> 7 | K15: 1 | L15: =I15-0.075*2 -> 0.15 | M15: =H15-0.075*2 -> 1.55 | N15: =L15 -> 0.15 | Q15: =SUM(L15:P15) -> 1.85 | R15: =J15*Q15*K15 -> 12.95 | S15: =PI()*(E15/1000)^2*0.25*1*7850 -> 0.88781408 | T15: =R15*S15 -> 11.497192 | AA15: Column Ties | AB15: 10 | AC15: 200 | AD15: 0.8 | AE15: 0.25 | AF15: 1.5 | AG15: =ROUND(((1.5-0.075)/(AC15/1000))+1,0) -> 8 | AH15: 1 | AI15: =AD15-0.04*2 -> 0.72 | AJ15: =AE15-0.04*2 -> 0.17 | AK15: =AI15 -> 0.72 | AL15: =AJ15 -> 0.17 | AM15: =10*(AB15/1000) -> 0.1 | AN15: =SUM(AI15:AM15) -> 1.88 | AO15: =AG15*AN15*AH15 -> 15.04 | AP15: =PI()*(AB15/1000)^2*0.25*1*7850 -> 0.61653756 | AQ15: =AO15*AP15 -> 9.2727249 | AV15: Column Ties Main Bars | AW15: 10 | AX15: 200 | BA15: 1.5 | BB15: =ROUND(((1.5-0.075)/(AX15/1000))+1,0) -> 8 | BC15: 2 | BD15: 0.17 | BE15: 0.17 | BF15: =BD15 -> 0.17 | BG15: =BE15 -> 0.17 | BH15: =10*(AW15/1000) -> 0.1 | BI15: =SUM(BD15:BH15) -> 0.78 | BJ15: =BB15*BI15*BC15 -> 12.48 | BK15: =PI()*(AW15/1000)^2*0.25*1*7850 -> 0.61653756 | BL15: =BJ15*BK15 -> 7.6943887 | BQ15: Top Bars | BR15: 16 | BS15: 0 | BT15: 0.25 | BU15: 0.82 | BV15: 2.93 | BW15: 6 | BX15: 1 | BY15: =BV15 -> 2.93 | CD15: =SUM(BY15:CC15) -> 2.93 | CE15: =BW15*CD15*BX15 -> 17.58 | CF15: =PI()*(BR15/1000)^2*0.25*1*7850 -> 1.5783361 | CG15: =CE15*CF15 -> 27.74715
D16: At Long Span (Bottom) | E16: 12 | F16: 200 | G16: 1.4 | H16: 1.7 | I16: 0.3 | J16: =ROUND(((H16-0.075*2)/(F16/1000))+1,0) -> 9 | K16: 1 | L16: =I16-0.075*2 -> 0.15 | M16: =G16-0.075*2 -> 1.25 | N16: =L16 -> 0.15 | Q16: =SUM(L16:P16) -> 1.55 | R16: =J16*Q16*K16 -> 13.95 | S16: =PI()*(E16/1000)^2*0.25*1*7850 -> 0.88781408 | T16: =R16*S16 -> 12.385006 | AA16: Column Ties | AB16: 10 | AC16: 200 | AD16: 0.8 | AE16: 0.25 | AF16: 1.5 | AG16: =ROUND(((1.5-0.075)/(AC16/1000))+1,0) -> 8 | AH16: 1 | AI16: =AL16 -> 0.17 | AJ16: =AE16-0.04*2 -> 0.17 | AK16: =AI16 -> 0.17 | AL16: =AJ16 -> 0.17 | AM16: =10*(AB16/1000) -> 0.1 | AN16: =SUM(AI16:AM16) -> 0.78 | AO16: =AG16*AN16*AH16 -> 6.24 | AP16: =PI()*(AB16/1000)^2*0.25*1*7850 -> 0.61653756 | AQ16: =AO16*AP16 -> 3.8471944 | AV16: Column Ties Main Bars | AW16: 10 | AX16: 200 | AY16: 1.3 | AZ16: 0.25 | BA16: 1.5 | BB16: =ROUND(((1.5-0.075)/(AX16/1000))+1,0) -> 8 | BC16: 1 | BD16: =AY16-0.04*2 -> 1.22 | BE16: =AZ16-0.04*2 -> 0.17 | BF16: =BD16 -> 1.22 | BG16: =BE16 -> 0.17 | BH16: =10*(AW16/1000) -> 0.1 | BI16: =SUM(BD16:BH16) -> 2.88 | BJ16: =BB16*BI16*BC16 -> 23.04 | BK16: =PI()*(AW16/1000)^2*0.25*1*7850 -> 0.61653756 | BL16: =BJ16*BK16 -> 14.205025 | BQ16: Links | BR16: 10 | BS16: 150 | BT16: 0.25 | BU16: 0.82 | BV16: 2.93 | BW16: =ROUND((BV16/(BS16/1000))+1,0) -> 21 | BX16: 1 | BY16: =BT16-0.04*2 -> 0.17 | BZ16: =BU16-0.04*2 -> 0.74 | CA16: =BY16 -> 0.17 | CB16: =BZ16 -> 0.74 | CC16: =(10*BR16)/1000 -> 0.1 | CD16: =SUM(BY16:CC16) -> 1.92 | CE16: =BW16*CD16*BX16 -> 40.32 | CF16: =PI()*(BR16/1000)^2*0.25*1*7850 -> 0.61653756 | CG16: =CE16*CF16 -> 24.858794 | DE16: SUMMARY | DY16: SUMMARY
D17: At Short Span (Top) | E17: 12 | F17: 250 | G17: 1.4 | H17: 1.7 | I17: 0.3 | J17: =ROUND(((G17-0.075*2)/(F17/1000))+1,0) -> 6 | K17: 1 | L17: =I17-0.075*2 -> 0.15 | M17: =H17-0.075*2 -> 1.55 | N17: =L17 -> 0.15 | Q17: =SUM(L17:P17) -> 1.85 | R17: =J17*Q17*K17 -> 11.1 | S17: =PI()*(E17/1000)^2*0.25*1*7850 -> 0.88781408 | T17: =R17*S17 -> 9.8547363 | Y17: C4 | Z17: Neck Column | AA17: Vertical Bars | AB17: 16 | AC17: as shown | AD17: 0.6 | AE17: 0.25 | AF17: 1.5 | AG17: 10 | AH17: 1 | AI17: =AF17-0.075 -> 1.425 | AJ17: =16*(AB17/1000) -> 0.256 | AN17: =SUM(AI17:AM17) -> 1.681 | AO17: =AG17*AN17*AH17 -> 16.81 | AP17: =PI()*(AB17/1000)^2*0.25*1*7850 -> 1.5783361 | AQ17: =AO17*AP17 -> 26.531831 | AV17: C Bars Intermediatte | AW17: 10 | AX17: 200 | AY17: 0.55 | AZ17: 0.3 | BA17: 1.5 | BB17: =ROUND(((1.5-0.075)/(AX17/1000))+1,0) -> 8 | BC17: 2 | BD17: 0.1 | BE17: =AZ17-0.04*2 -> 0.22 | BF17: 0.1 | BI17: =SUM(BD17:BH17) -> 0.42 | BJ17: =BB17*BI17*BC17 -> 6.72 | BK17: =PI()*(AW17/1000)^2*0.25*1*7850 -> 0.61653756 | BL17: =BJ17*BK17 -> 4.1431324 | BQ17: Side Bars | BR17: 12 | BS17: 0 | BT17: 0.4 | BU17: 0.25 | BV17: =BV16 -> 2.93 | BW17: 2 | BX17: 1 | BY17: =BV17 -> 2.93 | CD17: =SUM(BY17:CC17) -> 2.93 | CE17: =BW17*CD17*BX17 -> 5.86 | CF17: =PI()*(BR17/1000)^2*0.25*1*7850 -> 0.88781408 | CG17: =CE17*CF17 -> 5.2025905 | DE17: WATER TANK | DF17: WEIGHT | DG17: LENGTH | DH17: Total Weight | DY17: WATER TANK | DZ17: WEIGHT | EA17: AREA | EB17: Total Weight
D18: At Long Span (Top) | E18: 12 | F18: 250 | G18: 1.4 | H18: 1.7 | I18: 0.3 | J18: =ROUND(((H18-0.075*2)/(F18/1000))+1,0) -> 7 | K18: 1 | L18: =I18-0.075*2 -> 0.15 | M18: =G18-0.075*2 -> 1.25 | N18: =L18 -> 0.15 | Q18: =SUM(L18:P18) -> 1.55 | R18: =J18*Q18*K18 -> 10.85 | S18: =PI()*(E18/1000)^2*0.25*1*7850 -> 0.88781408 | T18: =R18*S18 -> 9.6327828 | AA18: Column Ties | AB18: 10 | AC18: 200 | AD18: 0.6 | AE18: 0.25 | AF18: 1.5 | AG18: =ROUND(((1.5-0.075)/(AC18/1000))+1,0) -> 8 | AH18: 1 | AI18: =AD18-0.04*2 -> 0.52 | AJ18: =AE18-0.04*2 -> 0.17 | AK18: =AI18 -> 0.52 | AL18: =AJ18 -> 0.17 | AM18: =10*(AB18/1000) -> 0.1 | AN18: =SUM(AI18:AM18) -> 1.48 | AO18: =AG18*AN18*AH18 -> 11.84 | AP18: =PI()*(AB18/1000)^2*0.25*1*7850 -> 0.61653756 | AQ18: =AO18*AP18 -> 7.2998047 | AT18: W3 | AU18: Shear Wall | AV18: Main Vertical Bars | AW18: 16 | AX18: as shown | BA18: 1.5 | BB18: 8 | BC18: 2 | BD18: =BA18-0.075*2 -> 1.35 | BE18: =16*(AW18/1000) -> 0.256 | BI18: =SUM(BD18:BH18) -> 1.606 | BJ18: =BB18*BI18*BC18 -> 25.696 | BK18: =PI()*(AW18/1000)^2*0.25*1*7850 -> 1.5783361 | BL18: =BJ18*BK18 -> 40.556926 | BO18: GB-4 | BP18: Grade Beam | BQ18: Bottom Bars | BR18: 16 | BS18: 0 | BT18: 0.3 | BU18: 0.6 | BV18: 4.95 | BW18: 2 | BX18: 1 | BY18: =BV18 -> 4.95 | CD18: =SUM(BY18:CC18) -> 4.95 | CE18: =BW18*CD18*BX18 -> 9.9 | CF18: =PI()*(BR18/1000)^2*0.25*1*7850 -> 1.5783361 | CG18: =CE18*CF18 -> 15.625528 | DE18: Water Tank | DF18: =SUM(DW6:DW14) -> 958.92996 | DG18: 1 | DH18: =DF18*DG18 -> 958.92996 | DY18: Water Tank | DZ18: =(EQ6+EQ7)/34.59 -> 6.5664191 | EA18: ='Concrete Substructure'!J40 -> 532 | EB18: =DZ18*EA18 -> 3493.335
B19: F-04 | C19: Isolated Footing | D19: At Short Span (Bottom) | E19: 12 | F19: 150 | G19: 1.9 | H19: 2.2 | I19: 0.4 | J19: =ROUND(((G19-0.075*2)/(F19/1000))+1,0) -> 13 | K19: 1 | L19: =I19-0.075*2 -> 0.25 | M19: =H19-0.075*2 -> 2.05 | N19: =L19 -> 0.25 | Q19: =SUM(L19:P19) -> 2.55 | R19: =J19*Q19*K19 -> 33.15 | S19: =PI()*(E19/1000)^2*0.25*1*7850 -> 0.88781408 | T19: =R19*S19 -> 29.431037 | AA19: Column Ties | AB19: 10 | AC19: 200 | AD19: 0.6 | AE19: 0.25 | AF19: 1.5 | AG19: =ROUND(((1.5-0.075)/(AC19/1000))+1,0) -> 8 | AH19: 1 | AI19: =10*(AB19/1000) -> 0.1 | AJ19: =AE19-0.04*2 -> 0.17 | AK19: =AI19 -> 0.1 | AN19: =SUM(AI19:AM19) -> 0.37 | AO19: =AG19*AN19*AH19 -> 2.96 | AP19: =PI()*(AB19/1000)^2*0.25*1*7850 -> 0.61653756 | AQ19: =AO19*AP19 -> 1.8249512 | AV19: Intermediate Vertical Bars | AW19: 12 | AX19: as shown | BA19: 1.5 | BB19: 10 | BC19: 1 | BD19: =BA19-0.075*2 -> 1.35 | BE19: =16*(AW19/1000) -> 0.192 | BI19: =SUM(BD19:BH19) -> 1.542 | BJ19: =BB19*BI19*BC19 -> 15.42 | BK19: =PI()*(AW19/1000)^2*0.25*1*7850 -> 0.88781408 | BL19: =BJ19*BK19 -> 13.690093 | BQ19: Top Bars | BR19: 16 | BS19: 0 | BT19: =BT18 -> 0.3 | BU19: =BU18 -> 0.6 | BV19: 4.95 | BW19: 6 | BX19: 1 | BY19: =BV19 -> 4.95 | CD19: =SUM(BY19:CC19) -> 4.95 | CE19: =BW19*CD19*BX19 -> 29.7 | CF19: =PI()*(BR19/1000)^2*0.25*1*7850 -> 1.5783361 | CG19: =CE19*CF19 -> 46.876584 | DE19: WALL | DH19: =SUM(DH18:DH18) -> 958.92996 | DY19: WALL | EB19: =SUM(EB18:EB18) -> 3493.335
D20: At Long Span (Bottom) | E20: 12 | F20: 150 | G20: 1.9 | H20: 2.2 | I20: 0.4 | J20: =ROUND(((H20-0.075*2)/(F20/1000))+1,0) -> 15 | K20: 1 | L20: =I20-0.075*2 -> 0.25 | M20: =G20-0.075*2 -> 1.75 | N20: =L20 -> 0.25 | Q20: =SUM(L20:P20) -> 2.25 | R20: =J20*Q20*K20 -> 33.75 | S20: =PI()*(E20/1000)^2*0.25*1*7850 -> 0.88781408 | T20: =R20*S20 -> 29.963725 | Y20: C4* | Z20: Neck Column | AA20: Vertical Bars | AB20: 16 | AC20: as shown | AD20: 0.6 | AE20: 0.25 | AF20: 1.5 | AG20: 10 | AH20: 1 | AI20: =AF20-0.075 -> 1.425 | AJ20: =16*(AB20/1000) -> 0.256 | AN20: =SUM(AI20:AM20) -> 1.681 | AO20: =AG20*AN20*AH20 -> 16.81 | AP20: =PI()*(AB20/1000)^2*0.25*1*7850 -> 1.5783361 | AQ20: =AO20*AP20 -> 26.531831 | AV20: Column Ties Main Bars | AW20: 10 | AX20: 200 | AY20: 1.3 | AZ20: 0.25 | BA20: 1.5 | BB20: =ROUND(((1.5-0.075)/(AX20/1000))+1,0) -> 8 | BC20: 1 | BD20: =AY20-0.04*2 -> 1.22 | BE20: =AZ20-0.04*2 -> 0.17 | BF20: =BD20 -> 1.22 | BG20: =BE20 -> 0.17 | BH20: =10*(AW20/1000) -> 0.1 | BI20: =SUM(BD20:BH20) -> 2.88 | BJ20: =BB20*BI20*BC20 -> 23.04 | BK20: =PI()*(AW20/1000)^2*0.25*1*7850 -> 0.61653756 | BL20: =BJ20*BK20 -> 14.205025 | BQ20: Links | BR20: 10 | BS20: 250 | BT20: =BT19 -> 0.3 | BU20: =BU19 -> 0.6 | BV20: 4.95 | BW20: =ROUND((BV20/(BS20/1000))+1,0) -> 21 | BX20: 1 | BY20: =BT20-0.04*2 -> 0.22 | BZ20: =BU20-0.04*2 -> 0.52 | CA20: =BY20 -> 0.22 | CB20: =BZ20 -> 0.52 | CC20: =(10*BR20)/1000 -> 0.1 | CD20: =SUM(BY20:CC20) -> 1.58 | CE20: =BW20*CD20*BX20 -> 33.18 | CF20: =PI()*(BR20/1000)^2*0.25*1*7850 -> 0.61653756 | CG20: =CE20*CF20 -> 20.456716 | EB20: 3076
D21: At Short Span (Top) | E21: 12 | F21: 250 | G21: 1.9 | H21: 2.2 | I21: 0.4 | J21: =ROUND(((G21-0.075*2)/(F21/1000))+1,0) -> 8 | K21: 1 | L21: =I21-0.075*2 -> 0.25 | M21: =H21-0.075*2 -> 2.05 | N21: =L21 -> 0.25 | Q21: =SUM(L21:P21) -> 2.55 | R21: =J21*Q21*K21 -> 20.4 | S21: =PI()*(E21/1000)^2*0.25*1*7850 -> 0.88781408 | T21: =R21*S21 -> 18.111407 | AA21: Column Ties | AB21: 10 | AC21: 200 | AD21: 0.6 | AE21: 0.25 | AF21: 1.5 | AG21: =ROUND(((1.5-0.075)/(AC21/1000))+1,0) -> 8 | AH21: 1 | AI21: =AD21-0.04*2 -> 0.52 | AJ21: =AE21-0.04*2 -> 0.17 | AK21: =AI21 -> 0.52 | AL21: =AJ21 -> 0.17 | AM21: =10*(AB21/1000) -> 0.1 | AN21: =SUM(AI21:AM21) -> 1.48 | AO21: =AG21*AN21*AH21 -> 11.84 | AP21: =PI()*(AB21/1000)^2*0.25*1*7850 -> 0.61653756 | AQ21: =AO21*AP21 -> 7.2998047 | AV21: Column Ties Main Bars | AW21: 10 | AX21: 200 | AY21: 0.25 | AZ21: 0.25 | BA21: 1.5 | BB21: =ROUND(((1.5-0.075)/(AX21/1000))+1,0) -> 8 | BC21: 2 | BD21: =AY21-0.04 -> 0.21 | BE21: =AZ21-0.04*2 -> 0.17 | BF21: =BD21 -> 0.21 | BG21: =BE21 -> 0.17 | BH21: =10*(AW21/1000) -> 0.1 | BI21: =SUM(BD21:BH21) -> 0.86 | BJ21: =BB21*BI21*BC21 -> 13.76 | BK21: =PI()*(AW21/1000)^2*0.25*1*7850 -> 0.61653756 | BL21: =BJ21*BK21 -> 8.4835568 | BQ21: Side Bars | BR21: 12 | BS21: =BS19 -> 0 | BT21: 0.4 | BU21: 0.25 | BV21: =BV20 -> 4.95 | BW21: 2 | BX21: 1 | BY21: =BV21 -> 4.95 | CD21: =SUM(BY21:CC21) -> 4.95 | CE21: =BW21*CD21*BX21 -> 9.9 | CF21: =PI()*(BR21/1000)^2*0.25*1*7850 -> 0.88781408 | CG21: =CE21*CF21 -> 8.7893594 | EB21: =EB19-EB20 -> 417.33496
D22: At Long Span (Top) | E22: 12 | F22: 250 | G22: 1.9 | H22: 2.2 | I22: 0.4 | J22: =ROUND(((H22-0.075*2)/(F22/1000))+1,0) -> 9 | K22: 1 | L22: =I22-0.075*2 -> 0.25 | M22: =G22-0.075*2 -> 1.75 | N22: =L22 -> 0.25 | Q22: =SUM(L22:P22) -> 2.25 | R22: =J22*Q22*K22 -> 20.25 | S22: =PI()*(E22/1000)^2*0.25*1*7850 -> 0.88781408 | T22: =R22*S22 -> 17.978235 | AA22: Column Ties | AB22: 10 | AC22: 200 | AD22: 0.6 | AE22: 0.25 | AF22: 1.5 | AG22: =ROUND(((1.5-0.075)/(AC22/1000))+1,0) -> 8 | AH22: 1 | AI22: =10*(AB22/1000) -> 0.1 | AJ22: =AE22-0.04*2 -> 0.17 | AK22: =AI22 -> 0.1 | AN22: =SUM(AI22:AM22) -> 0.37 | AO22: =AG22*AN22*AH22 -> 2.96 | AP22: =PI()*(AB22/1000)^2*0.25*1*7850 -> 0.61653756 | AQ22: =AO22*AP22 -> 1.8249512 | AV22: C Bars Intermediatte | AW22: 10 | AX22: 200 | AY22: 0.55 | AZ22: 0.3 | BA22: 1.5 | BB22: =ROUND(((1.5-0.075)/(AX22/1000))+1,0) -> 8 | BC22: 2 | BD22: 0.1 | BE22: =AZ22-0.04*2 -> 0.22 | BF22: 0.1 | BI22: =SUM(BD22:BH22) -> 0.42 | BJ22: =BB22*BI22*BC22 -> 6.72 | BK22: =PI()*(AW22/1000)^2*0.25*1*7850 -> 0.61653756 | BL22: =BJ22*BK22 -> 4.1431324 | BO22: GB-5 | BP22: Grade Beam | BQ22: Bottom Bars | BR22: 16 | BS22: 0 | BT22: 0.25 | BU22: 0.6 | BV22: 2.93 | BW22: 2 | BX22: 1 | BY22: =BV22 -> 2.93 | CD22: =SUM(BY22:CC22) -> 2.93 | CE22: =BW22*CD22*BX22 -> 5.86 | CF22: =PI()*(BR22/1000)^2*0.25*1*7850 -> 1.5783361 | CG22: =CE22*CF22 -> 9.2490498
B23: F-05 | C23: Isolated Footing | D23: At Short Span (Bottom) | E23: 12 | F23: 150 | G23: 2 | H23: 2.4 | I23: 0.4 | J23: =ROUND(((G23-0.075*2)/(F23/1000))+1,0) -> 13 | K23: 1 | L23: =I23-0.075*2 -> 0.25 | M23: =H23-0.075*2 -> 2.25 | N23: =L23 -> 0.25 | Q23: =SUM(L23:P23) -> 2.75 | R23: =J23*Q23*K23 -> 35.75 | S23: =PI()*(E23/1000)^2*0.25*1*7850 -> 0.88781408 | T23: =R23*S23 -> 31.739353 | Y23: C4** | Z23: Neck Column | AA23: Vertical Bars | AB23: 16 | AC23: as shown | AD23: 0.6 | AE23: 0.25 | AF23: 1.5 | AG23: 10 | AH23: 1 | AI23: =AF23-0.075 -> 1.425 | AJ23: =16*(AB23/1000) -> 0.256 | AN23: =SUM(AI23:AM23) -> 1.681 | AO23: =AG23*AN23*AH23 -> 16.81 | AP23: =PI()*(AB23/1000)^2*0.25*1*7850 -> 1.5783361 | AQ23: =AO23*AP23 -> 26.531831 | AT23: WEIGHT OF REBAR PER WALL | BQ23: Top Bars | BR23: 16 | BS23: 0 | BT23: 0.25 | BU23: =BU22 -> 0.6 | BV23: 2.93 | BW23: 6 | BX23: 1 | BY23: =BV23 -> 2.93 | CD23: =SUM(BY23:CC23) -> 2.93 | CE23: =BW23*CD23*BX23 -> 17.58 | CF23: =PI()*(BR23/1000)^2*0.25*1*7850 -> 1.5783361 | CG23: =CE23*CF23 -> 27.74715
D24: At Long Span (Bottom) | E24: 12 | F24: 150 | G24: 2 | H24: 2.4 | I24: 0.4 | J24: =ROUND(((H24-0.075*2)/(F24/1000))+1,0) -> 16 | K24: 1 | L24: =I24-0.075*2 -> 0.25 | M24: =G24-0.075*2 -> 1.85 | N24: =L24 -> 0.25 | Q24: =SUM(L24:P24) -> 2.35 | R24: =J24*Q24*K24 -> 37.6 | S24: =PI()*(E24/1000)^2*0.25*1*7850 -> 0.88781408 | T24: =R24*S24 -> 33.38181 | AA24: Column Ties | AB24: 10 | AC24: 200 | AD24: 0.6 | AE24: 0.25 | AF24: 1.5 | AG24: =ROUND(((1.5-0.075)/(AC24/1000))+1,0) -> 8 | AH24: 1 | AI24: =AD24-0.04*2 -> 0.52 | AJ24: =AE24-0.04*2 -> 0.17 | AK24: =AI24 -> 0.52 | AL24: =AJ24 -> 0.17 | AM24: =10*(AB24/1000) -> 0.1 | AN24: =SUM(AI24:AM24) -> 1.48 | AO24: =AG24*AN24*AH24 -> 11.84 | AP24: =PI()*(AB24/1000)^2*0.25*1*7850 -> 0.61653756 | AQ24: =AO24*AP24 -> 7.2998047 | BQ24: Links | BR24: 10 | BS24: 150 | BT24: 0.25 | BU24: =BU23 -> 0.6 | BV24: 2.93 | BW24: =ROUND((BV24/(BS24/1000))+1,0) -> 21 | BX24: 1 | BY24: =BT24-0.04*2 -> 0.17 | BZ24: =BU24-0.04*2 -> 0.52 | CA24: =BY24 -> 0.17 | CB24: =BZ24 -> 0.52 | CC24: =(10*BR24)/1000 -> 0.1 | CD24: =SUM(BY24:CC24) -> 1.48 | CE24: =BW24*CD24*BX24 -> 31.08 | CF24: =PI()*(BR24/1000)^2*0.25*1*7850 -> 0.61653756 | CG24: =CE24*CF24 -> 19.161987
D25: At Short Span (Top) | E25: 12 | F25: 250 | G25: 2 | H25: 2.4 | I25: 0.4 | J25: =ROUND(((G25-0.075*2)/(F25/1000))+1,0) -> 8 | K25: 1 | L25: =I25-0.075*2 -> 0.25 | M25: =H25-0.075*2 -> 2.25 | N25: =L25 -> 0.25 | Q25: =SUM(L25:P25) -> 2.75 | R25: =J25*Q25*K25 -> 22 | S25: =PI()*(E25/1000)^2*0.25*1*7850 -> 0.88781408 | T25: =R25*S25 -> 19.53191 | AA25: Column Ties | AB25: 10 | AC25: 200 | AD25: 0.6 | AE25: 0.25 | AF25: 1.5 | AG25: =ROUND(((1.5-0.075)/(AC25/1000))+1,0) -> 8 | AH25: 1 | AI25: =10*(AB25/1000) -> 0.1 | AJ25: =AE25-0.04*2 -> 0.17 | AK25: =AI25 -> 0.1 | AN25: =SUM(AI25:AM25) -> 0.37 | AO25: =AG25*AN25*AH25 -> 2.96 | AP25: =PI()*(AB25/1000)^2*0.25*1*7850 -> 0.61653756 | AQ25: =AO25*AP25 -> 1.8249512 | AU25: SUMMARY | BQ25: Side Bars | BR25: 12 | BS25: 0 | BT25: 0.4 | BU25: 0.25 | BV25: =BV24 -> 2.93 | BW25: 2 | BX25: 1 | BY25: =BV25 -> 2.93 | CD25: =SUM(BY25:CC25) -> 2.93 | CE25: =BW25*CD25*BX25 -> 5.86 | CF25: =PI()*(BR25/1000)^2*0.25*1*7850 -> 0.88781408 | CG25: =CE25*CF25 -> 5.2025905
D26: At Long Span (Top) | E26: 12 | F26: 250 | G26: 2 | H26: 2.4 | I26: 0.4 | J26: =ROUND(((H26-0.075*2)/(F26/1000))+1,0) -> 10 | K26: 1 | L26: =I26-0.075*2 -> 0.25 | M26: =G26-0.075*2 -> 1.85 | N26: =L26 -> 0.25 | Q26: =SUM(L26:P26) -> 2.35 | R26: =J26*Q26*K26 -> 23.5 | S26: =PI()*(E26/1000)^2*0.25*1*7850 -> 0.88781408 | T26: =R26*S26 -> 20.863631 | Y26: C5 | Z26: Neck Column | AA26: Vertical Bars | AB26: 16 | AC26: as shown | AD26: 0.6 | AE26: 0.2 | AF26: 1.5 | AG26: 10 | AH26: 1 | AI26: =AF26-0.075 -> 1.425 | AJ26: =16*(AB26/1000) -> 0.256 | AN26: =SUM(AI26:AM26) -> 1.681 | AO26: =AG26*AN26*AH26 -> 16.81 | AP26: =PI()*(AB26/1000)^2*0.25*1*7850 -> 1.5783361 | AQ26: =AO26*AP26 -> 26.531831 | AU26: WALL MARK | AV26: WEIGHT | AW26: NO | AX26: Total Weight | BO26: GB-6 | BP26: Grade Beam | BQ26: Bottom Bars | BR26: 16 | BS26: 0 | BT26: 0.25 | BU26: 0.82 | BV26: 3.49 | BW26: 2 | BX26: 1 | BY26: =BV26 -> 3.49 | CD26: =SUM(BY26:CC26) -> 3.49 | CE26: =BW26*CD26*BX26 -> 6.98 | CF26: =PI()*(BR26/1000)^2*0.25*1*7850 -> 1.5783361 | CG26: =CE26*CF26 -> 11.016786
B27: F-06 | C27: Isolated Footing | D27: At Short Span (Bottom) | E27: 16 | F27: 200 | G27: 2.2 | H27: 2.8 | I27: 0.4 | J27: =ROUND(((G27-0.075*2)/(F27/1000))+1,0) -> 11 | K27: 1 | L27: =I27-0.075*2 -> 0.25 | M27: =H27-0.075*2 -> 2.65 | N27: =L27 -> 0.25 | Q27: =SUM(L27:P27) -> 3.15 | R27: =J27*Q27*K27 -> 34.65 | S27: =PI()*(E27/1000)^2*0.25*1*7850 -> 1.5783361 | T27: =R27*S27 -> 54.689348 | AA27: Column Ties | AB27: 10 | AC27: 200 | AD27: 0.6 | AE27: 0.2 | AF27: 1.5 | AG27: =ROUND(((1.5-0.075)/(AC27/1000))+1,0) -> 8 | AH27: 1 | AI27: =AD27-0.04*2 -> 0.52 | AJ27: =AE27-0.04*2 -> 0.12 | AK27: =AI27 -> 0.52 | AL27: =AJ27 -> 0.12 | AM27: =10*(AB27/1000) -> 0.1 | AN27: =SUM(AI27:AM27) -> 1.38 | AO27: =AG27*AN27*AH27 -> 11.04 | AP27: =PI()*(AB27/1000)^2*0.25*1*7850 -> 0.61653756 | AQ27: =AO27*AP27 -> 6.8065746 | AU27: W1 | AV27: =SUM(BL7:BL12) -> 186.613 | AW27: ='Concrete Substructure'!F60 -> 1 | AX27: =AV27*AW27 -> 186.613 | BQ27: Top Bars | BR27: 16 | BS27: 0 | BT27: =BT26 -> 0.25 | BU27: =BU26 -> 0.82 | BV27: 3.49 | BW27: 6 | BX27: 1 | BY27: =BV27 -> 3.49 | CD27: =SUM(BY27:CC27) -> 3.49 | CE27: =BW27*CD27*BX27 -> 20.94 | CF27: =PI()*(BR27/1000)^2*0.25*1*7850 -> 1.5783361 | CG27: =CE27*CF27 -> 33.050359
D28: At Long Span (Bottom) | E28: 16 | F28: 200 | G28: 2.2 | H28: 2.8 | I28: 0.4 | J28: =ROUND(((H28-0.075*2)/(F28/1000))+1,0) -> 14 | K28: 1 | L28: =I28-0.075*2 -> 0.25 | M28: =G28-0.075*2 -> 2.05 | N28: =L28 -> 0.25 | Q28: =SUM(L28:P28) -> 2.55 | R28: =J28*Q28*K28 -> 35.7 | S28: =PI()*(E28/1000)^2*0.25*1*7850 -> 1.5783361 | T28: =R28*S28 -> 56.346601 | AA28: Column Ties | AB28: 10 | AC28: 200 | AD28: 0.6 | AE28: 0.25 | AF28: 1.5 | AG28: =ROUND(((1.5-0.075)/(AC28/1000))+1,0) -> 8 | AH28: 1 | AI28: =10*(AB28/1000) -> 0.1 | AJ28: =AE28-0.04*2 -> 0.17 | AK28: =AI28 -> 0.1 | AN28: =SUM(AI28:AM28) -> 0.37 | AO28: =AG28*AN28*AH28 -> 2.96 | AP28: =PI()*(AB28/1000)^2*0.25*1*7850 -> 0.61653756 | AQ28: =AO28*AP28 -> 1.8249512 | AU28: W2 | AV28: =SUM(BL13:BL17) -> 60.011102 | AW28: ='Concrete Substructure'!F61 -> 2 | AX28: =AV28*AW28 -> 120.0222 | BQ28: Links | BR28: 10 | BS28: 250 | BT28: =BT27 -> 0.25 | BU28: =BU27 -> 0.82 | BV28: 3.49 | BW28: =ROUND((BV28/(BS28/1000))+1,0) -> 15 | BX28: 1 | BY28: =BT28-0.04*2 -> 0.17 | BZ28: =BU28-0.04*2 -> 0.74 | CA28: =BY28 -> 0.17 | CB28: =BZ28 -> 0.74 | CC28: =(10*BR28)/1000 -> 0.1 | CD28: =SUM(BY28:CC28) -> 1.92 | CE28: =BW28*CD28*BX28 -> 28.8 | CF28: =PI()*(BR28/1000)^2*0.25*1*7850 -> 0.61653756 | CG28: =CE28*CF28 -> 17.756282
D29: At Short Span (Top) | E29: 12 | F29: 250 | G29: 2.2 | H29: 2.8 | I29: 0.4 | J29: =ROUND(((G29-0.075*2)/(F29/1000))+1,0) -> 9 | K29: 1 | L29: =I29-0.075*2 -> 0.25 | M29: =H29-0.075*2 -> 2.65 | N29: =L29 -> 0.25 | Q29: =SUM(L29:P29) -> 3.15 | R29: =J29*Q29*K29 -> 28.35 | S29: =PI()*(E29/1000)^2*0.25*1*7850 -> 0.88781408 | T29: =R29*S29 -> 25.169529 | Y29: C6 | Z29: Neck Column | AA29: Vertical Bars | AB29: 25 | AC29: as shown | AD29: 1 | AE29: 0.25 | AF29: 1.5 | AG29: 20 | AH29: 1 | AI29: =AF29-0.075 -> 1.425 | AJ29: =16*(AB29/1000) -> 0.4 | AN29: =SUM(AI29:AM29) -> 1.825 | AO29: =AG29*AN29*AH29 -> 36.5 | AP29: =PI()*(AB29/1000)^2*0.25*1*7850 -> 3.8533597 | AQ29: =AO29*AP29 -> 140.64763 | AU29: W3 | AV29: =SUM(BL18:BL22) -> 81.078733 | AW29: ='Concrete Substructure'!F62 -> 2 | AX29: =AV29*AW29 -> 162.15747 | BQ29: Side Bars | BR29: 12 | BS29: =BS27 -> 0 | BT29: 0.4 | BU29: 0.25 | BV29: =BV28 -> 3.49 | BW29: 2 | BX29: 1 | BY29: =BV29 -> 3.49 | CD29: =SUM(BY29:CC29) -> 3.49 | CE29: =BW29*CD29*BX29 -> 6.98 | CF29: =PI()*(BR29/1000)^2*0.25*1*7850 -> 0.88781408 | CG29: =CE29*CF29 -> 6.1969423
D30: At Long Span (Top) | E30: 12 | F30: 250 | G30: 2.2 | H30: 2.8 | I30: 0.4 | J30: =ROUND(((H30-0.075*2)/(F30/1000))+1,0) -> 12 | K30: 1 | L30: =I30-0.075*2 -> 0.25 | M30: =G30-0.075*2 -> 2.05 | N30: =L30 -> 0.25 | Q30: =SUM(L30:P30) -> 2.55 | R30: =J30*Q30*K30 -> 30.6 | S30: =PI()*(E30/1000)^2*0.25*1*7850 -> 0.88781408 | T30: =R30*S30 -> 27.167111 | AA30: Column Ties | AB30: 10 | AC30: 200 | AD30: 1 | AE30: 0.25 | AF30: 1.5 | AG30: =ROUND(((1.5-0.075)/(AC30/1000))+1,0) -> 8 | AH30: 1 | AI30: =AD30-0.04*2 -> 0.92 | AJ30: =AE30-0.04*2 -> 0.17 | AK30: =AI30 -> 0.92 | AL30: =AJ30 -> 0.17 | AM30: =10*(AB30/1000) -> 0.1 | AN30: =SUM(AI30:AM30) -> 2.28 | AO30: =AG30*AN30*AH30 -> 18.24 | AP30: =PI()*(AB30/1000)^2*0.25*1*7850 -> 0.61653756 | AQ30: =AO30*AP30 -> 11.245645 | AU30: WALL | AX30: =SUM(AX27:AX29) -> 468.79267 | BO30: GB-7 | BP30: Grade Beam | BQ30: Bottom Bars | BR30: 16 | BS30: 0 | BT30: 0.25 | BU30: 0.67 | BV30: 1.54 | BW30: 2 | BX30: 1 | BY30: =BV30 -> 1.54 | CD30: =SUM(BY30:CC30) -> 1.54 | CE30: =BW30*CD30*BX30 -> 3.08 | CF30: =PI()*(BR30/1000)^2*0.25*1*7850 -> 1.5783361 | CG30: =CE30*CF30 -> 4.8612753
B31: F-07 | C31: Isolated Footing | D31: At Short Span (Bottom) | E31: 16 | F31: 200 | G31: 2.3 | H31: 3.1 | I31: 0.5 | J31: =ROUND(((G31-0.075*2)/(F31/1000))+1,0) -> 12 | K31: 1 | L31: =I31-0.075*2 -> 0.35 | M31: =H31-0.075*2 -> 2.95 | N31: =L31 -> 0.35 | Q31: =SUM(L31:P31) -> 3.65 | R31: =J31*Q31*K31 -> 43.8 | S31: =PI()*(E31/1000)^2*0.25*1*7850 -> 1.5783361 | T31: =R31*S31 -> 69.131123 | AA31: Column Ties | AB31: 10 | AC31: 200 | AD31: 0.6 | AE31: 0.25 | AF31: 1.5 | AG31: =ROUND(((1.5-0.075)/(AC31/1000))+1,0) -> 8 | AH31: 2 | AI31: =10*(AB31/1000) -> 0.1 | AJ31: =AE31-0.04*2 -> 0.17 | AK31: =AI31 -> 0.1 | AN31: =SUM(AI31:AM31) -> 0.37 | AO31: =AG31*AN31*AH31 -> 5.92 | AP31: =PI()*(AB31/1000)^2*0.25*1*7850 -> 0.61653756 | AQ31: =AO31*AP31 -> 3.6499023 | BQ31: Top Bars | BR31: 16 | BS31: 0 | BT31: 0.25 | BU31: 0.67 | BV31: 1.54 | BW31: 6 | BX31: 1 | BY31: =BV31 -> 1.54 | CD31: =SUM(BY31:CC31) -> 1.54 | CE31: =BW31*CD31*BX31 -> 9.24 | CF31: =PI()*(BR31/1000)^2*0.25*1*7850 -> 1.5783361 | CG31: =CE31*CF31 -> 14.583826
D32: At Long Span (Bottom) | E32: 16 | F32: 200 | G32: 2.3 | H32: 3.1 | I32: 0.5 | J32: =ROUND(((H32-0.075*2)/(F32/1000))+1,0) -> 16 | K32: 1 | L32: =I32-0.075*2 -> 0.35 | M32: =G32-0.075*2 -> 2.15 | N32: =L32 -> 0.35 | Q32: =SUM(L32:P32) -> 2.85 | R32: =J32*Q32*K32 -> 45.6 | S32: =PI()*(E32/1000)^2*0.25*1*7850 -> 1.5783361 | T32: =R32*S32 -> 71.972128 | AA32: Column Ties | AB32: 10 | AC32: 200 | AD32: 0.6 | AE32: 0.25 | AF32: 1.5 | AG32: =ROUND(((1.5-0.075)/(AC32/1000))+1,0) -> 8 | AH32: 1 | AI32: =AL32 -> 0.17 | AJ32: =AE32-0.04*2 -> 0.17 | AK32: =AI32 -> 0.17 | AL32: =AJ32 -> 0.17 | AM32: =10*(AB32/1000) -> 0.1 | AN32: =SUM(AI32:AM32) -> 0.78 | AO32: =AG32*AN32*AH32 -> 6.24 | AP32: =PI()*(AB32/1000)^2*0.25*1*7850 -> 0.61653756 | AQ32: =AO32*AP32 -> 3.8471944 | BQ32: Links | BR32: 10 | BS32: 150 | BT32: 0.25 | BU32: 0.67 | BV32: 1.54 | BW32: =ROUND((BV32/(BS32/1000))+1,0) -> 11 | BX32: 1 | BY32: =BT32-0.04*2 -> 0.17 | BZ32: =BU32-0.04*2 -> 0.59 | CA32: =BY32 -> 0.17 | CB32: =BZ32 -> 0.59 | CC32: =(10*BR32)/1000 -> 0.1 | CD32: =SUM(BY32:CC32) -> 1.62 | CE32: =BW32*CD32*BX32 -> 17.82 | CF32: =PI()*(BR32/1000)^2*0.25*1*7850 -> 0.61653756 | CG32: =CE32*CF32 -> 10.986699
D33: At Short Span (Top) | E33: 12 | F33: 250 | G33: 2.3 | H33: 3.1 | I33: 0.5 | J33: =ROUND(((G33-0.075*2)/(F33/1000))+1,0) -> 10 | K33: 1 | L33: =I33-0.075*2 -> 0.35 | M33: =H33-0.075*2 -> 2.95 | N33: =L33 -> 0.35 | Q33: =SUM(L33:P33) -> 3.65 | R33: =J33*Q33*K33 -> 36.5 | S33: =PI()*(E33/1000)^2*0.25*1*7850 -> 0.88781408 | T33: =R33*S33 -> 32.405214 | Y33: C6* | Z33: Neck Column | AA33: Vertical Bars | AB33: 25 | AC33: as shown | AD33: 1 | AE33: 0.25 | AF33: 1.5 | AG33: 20 | AH33: 1 | AI33: =AF33-0.075 -> 1.425 | AJ33: =16*(AB33/1000) -> 0.4 | AN33: =SUM(AI33:AM33) -> 1.825 | AO33: =AG33*AN33*AH33 -> 36.5 | AP33: =PI()*(AB33/1000)^2*0.25*1*7850 -> 3.8533597 | AQ33: =AO33*AP33 -> 140.64763 | BQ33: Side Bars | BR33: 12 | BS33: 0 | BT33: 0.4 | BU33: 0.25 | BV33: =BV32 -> 1.54 | BW33: 2 | BX33: 1 | BY33: =BV33 -> 1.54 | CD33: =SUM(BY33:CC33) -> 1.54 | CE33: =BW33*CD33*BX33 -> 3.08 | CF33: =PI()*(BR33/1000)^2*0.25*1*7850 -> 0.88781408 | CG33: =CE33*CF33 -> 2.7344674
D34: At Long Span (Top) | E34: 12 | F34: 250 | G34: 2.3 | H34: 3.1 | I34: 0.5 | J34: =ROUND(((H34-0.075*2)/(F34/1000))+1,0) -> 13 | K34: 1 | L34: =I34-0.075*2 -> 0.35 | M34: =G34-0.075*2 -> 2.15 | N34: =L34 -> 0.35 | Q34: =SUM(L34:P34) -> 2.85 | R34: =J34*Q34*K34 -> 37.05 | S34: =PI()*(E34/1000)^2*0.25*1*7850 -> 0.88781408 | T34: =R34*S34 -> 32.893512 | AA34: Column Ties | AB34: 10 | AC34: 200 | AD34: 1 | AE34: 0.25 | AF34: 1.5 | AG34: =ROUND(((1.5-0.075)/(AC34/1000))+1,0) -> 8 | AH34: 1 | AI34: =AD34-0.04*2 -> 0.92 | AJ34: =AE34-0.04*2 -> 0.17 | AK34: =AI34 -> 0.92 | AL34: =AJ34 -> 0.17 | AM34: =10*(AB34/1000) -> 0.1 | AN34: =SUM(AI34:AM34) -> 2.28 | AO34: =AG34*AN34*AH34 -> 18.24 | AP34: =PI()*(AB34/1000)^2*0.25*1*7850 -> 0.61653756 | AQ34: =AO34*AP34 -> 11.245645 | BO34: B | BP34: Grade Beam | BQ34: Bottom Bars | BR34: 16 | BS34: 0 | BT34: 0.2 | BU34: 0.55 | BV34: 2.85 | BW34: 2 | BX34: 1 | BY34: =BV34 -> 2.85 | CD34: =SUM(BY34:CC34) -> 2.85 | CE34: =BW34*CD34*BX34 -> 5.7 | CF34: =PI()*(BR34/1000)^2*0.25*1*7850 -> 1.5783361 | CG34: =CE34*CF34 -> 8.9965161
B35: CF1 | C35: Isolated Footing | D35: At Short Span (Bottom) | E35: 12 | F35: 150 | G35: 1.4 | H35: 3.1 | I35: 0.4 | J35: =ROUND(((G35-0.075*2)/(F35/1000))+1,0) -> 9 | K35: 1 | L35: =I35-0.075*2 -> 0.25 | M35: =H35-0.075*2 -> 2.95 | N35: =L35 -> 0.25 | Q35: =SUM(L35:P35) -> 3.45 | R35: =J35*Q35*K35 -> 31.05 | S35: =PI()*(E35/1000)^2*0.25*1*7850 -> 0.88781408 | T35: =R35*S35 -> 27.566627 | AA35: Column Ties | AB35: 10 | AC35: 200 | AD35: 0.6 | AE35: 0.25 | AF35: 1.5 | AG35: =ROUND(((1.5-0.075)/(AC35/1000))+1,0) -> 8 | AH35: 2 | AI35: =10*(AB35/1000) -> 0.1 | AJ35: =AE35-0.04*2 -> 0.17 | AK35: =AI35 -> 0.1 | AN35: =SUM(AI35:AM35) -> 0.37 | AO35: =AG35*AN35*AH35 -> 5.92 | AP35: =PI()*(AB35/1000)^2*0.25*1*7850 -> 0.61653756 | AQ35: =AO35*AP35 -> 3.6499023 | BQ35: Bottom Bars | BR35: 12 | BS35: 0 | BT35: =BT34 -> 0.2 | BU35: =BU34 -> 0.55 | BV35: 2.85 | BW35: 2 | BX35: 1 | BY35: =BV35 -> 2.85 | CD35: =SUM(BY35:CC35) -> 2.85 | CE35: =BW35*CD35*BX35 -> 5.7 | CF35: =PI()*(BR35/1000)^2*0.25*1*7850 -> 0.88781408 | CG35: =CE35*CF35 -> 5.0605403
D36: At Long Span (Bottom) | E36: 12 | F36: 150 | G36: 1.4 | H36: 3.1 | I36: 0.4 | J36: =ROUND(((H36-0.075*2)/(F36/1000))+1,0) -> 21 | K36: 1 | L36: =I36-0.075*2 -> 0.25 | M36: =G36-0.075*2 -> 1.25 | N36: =L36 -> 0.25 | Q36: =SUM(L36:P36) -> 1.75 | R36: =J36*Q36*K36 -> 36.75 | S36: =PI()*(E36/1000)^2*0.25*1*7850 -> 0.88781408 | T36: =R36*S36 -> 32.627168 | AA36: Column Ties | AB36: 10 | AC36: 200 | AD36: 0.6 | AE36: 0.25 | AF36: 1.5 | AG36: =ROUND(((1.5-0.075)/(AC36/1000))+1,0) -> 8 | AH36: 1 | AI36: =AL36 -> 0.17 | AJ36: =AE36-0.04*2 -> 0.17 | AK36: =AI36 -> 0.17 | AL36: =AJ36 -> 0.17 | AM36: =10*(AB36/1000) -> 0.1 | AN36: =SUM(AI36:AM36) -> 0.78 | AO36: =AG36*AN36*AH36 -> 6.24 | AP36: =PI()*(AB36/1000)^2*0.25*1*7850 -> 0.61653756 | AQ36: =AO36*AP36 -> 3.8471944 | BQ36: Top Bars | BR36: 16 | BS36: 0 | BT36: =BT35 -> 0.2 | BU36: =BU35 -> 0.55 | BV36: 2.85 | BW36: 2 | BX36: 1 | BY36: =BV36 -> 2.85 | CD36: =SUM(BY36:CC36) -> 2.85 | CE36: =BW36*CD36*BX36 -> 5.7 | CF36: =PI()*(BR36/1000)^2*0.25*1*7850 -> 1.5783361 | CG36: =CE36*CF36 -> 8.9965161
D37: At Short Span (Top) | E37: 12 | F37: 250 | G37: 1.4 | H37: 3.1 | I37: 0.4 | J37: =ROUND(((G37-0.075*2)/(F37/1000))+1,0) -> 6 | K37: 1 | L37: =I37-0.075*2 -> 0.25 | M37: =H37-0.075*2 -> 2.95 | N37: =L37 -> 0.25 | Q37: =SUM(L37:P37) -> 3.45 | R37: =J37*Q37*K37 -> 20.7 | S37: =PI()*(E37/1000)^2*0.25*1*7850 -> 0.88781408 | T37: =R37*S37 -> 18.377752 | Y37: C11 | Z37: Neck Column | AA37: Vertical Bars | AB37: 16 | AC37: as shown | AD37: 0.6 | AE37: 0.25 | AF37: 1.5 | AG37: 10 | AH37: 1 | AI37: =AF37-0.075 -> 1.425 | AJ37: =16*(AB37/1000) -> 0.256 | AN37: =SUM(AI37:AM37) -> 1.681 | AO37: =AG37*AN37*AH37 -> 16.81 | AP37: =PI()*(AB37/1000)^2*0.25*1*7850 -> 1.5783361 | AQ37: =AO37*AP37 -> 26.531831 | BQ37: Top Bars | BR37: 12 | BS37: 0 | BT37: =BT36 -> 0.2 | BU37: =BU36 -> 0.55 | BV37: 2.85 | BW37: 2 | BX37: 1 | BY37: =BV37 -> 2.85 | CD37: =SUM(BY37:CC37) -> 2.85 | CE37: =BW37*CD37*BX37 -> 5.7 | CF37: =PI()*(BR37/1000)^2*0.25*1*7850 -> 0.88781408 | CG37: =CE37*CF37 -> 5.0605403
D38: At Long Span (Top) | E38: 12 | F38: 250 | G38: 1.4 | H38: 3.1 | I38: 0.4 | J38: =ROUND(((H38-0.075*2)/(F38/1000))+1,0) -> 13 | K38: 1 | L38: =I38-0.075*2 -> 0.25 | M38: =G38-0.075*2 -> 1.25 | N38: =L38 -> 0.25 | Q38: =SUM(L38:P38) -> 1.75 | R38: =J38*Q38*K38 -> 22.75 | S38: =PI()*(E38/1000)^2*0.25*1*7850 -> 0.88781408 | T38: =R38*S38 -> 20.19777 | AA38: Column Ties | AB38: 10 | AC38: 200 | AD38: 0.6 | AE38: 0.25 | AF38: 1.5 | AG38: =ROUND(((1.5-0.075)/(AC38/1000))+1,0) -> 8 | AH38: 1 | AI38: =AD38-0.04*2 -> 0.52 | AJ38: =AE38-0.04*2 -> 0.17 | AK38: =AI38 -> 0.52 | AL38: =AJ38 -> 0.17 | AM38: =10*(AB38/1000) -> 0.1 | AN38: =SUM(AI38:AM38) -> 1.48 | AO38: =AG38*AN38*AH38 -> 11.84 | AP38: =PI()*(AB38/1000)^2*0.25*1*7850 -> 0.61653756 | AQ38: =AO38*AP38 -> 7.2998047 | BQ38: Links | BR38: 10 | BS38: 200 | BT38: =BT37 -> 0.2 | BU38: =BU37 -> 0.55 | BV38: 2.85 | BW38: =ROUND((BV38/(BS38/1000))+1,0) -> 15 | BX38: 1 | BY38: =BT38-0.04*2 -> 0.12 | BZ38: =BU38-0.04*2 -> 0.47 | CA38: =BY38 -> 0.12 | CB38: =BZ38 -> 0.47 | CC38: =(10*BR38)/1000 -> 0.1 | CD38: =SUM(BY38:CC38) -> 1.28 | CE38: =BW38*CD38*BX38 -> 19.2 | CF38: =PI()*(BR38/1000)^2*0.25*1*7850 -> 0.61653756 | CG38: =CE38*CF38 -> 11.837521
B39: CF2 | C39: Isolated Footing | D39: At Short Span (Bottom) | E39: 12 | F39: 150 | G39: 2 | H39: 3.9 | I39: 0.4 | J39: =ROUND(((G39-0.075*2)/(F39/1000))+1,0) -> 13 | K39: 1 | L39: =I39-0.075*2 -> 0.25 | M39: =H39-0.075*2 -> 3.75 | N39: =L39 -> 0.25 | Q39: =SUM(L39:P39) -> 4.25 | R39: =J39*Q39*K39 -> 55.25 | S39: =PI()*(E39/1000)^2*0.25*1*7850 -> 0.88781408 | T39: =R39*S39 -> 49.051728 | AA39: Column Ties | AB39: 10 | AC39: 200 | AD39: 0.6 | AE39: 0.25 | AF39: 1.5 | AG39: =ROUND(((1.5-0.075)/(AC39/1000))+1,0) -> 8 | AH39: 1 | AI39: =10*(AB39/1000) -> 0.1 | AJ39: =AE39-0.04*2 -> 0.17 | AK39: =AI39 -> 0.1 | AN39: =SUM(AI39:AM39) -> 0.37 | AO39: =AG39*AN39*AH39 -> 2.96 | AP39: =PI()*(AB39/1000)^2*0.25*1*7850 -> 0.61653756 | AQ39: =AO39*AP39 -> 1.8249512 | BQ39: Side Bars | BR39: 10 | BS39: 0 | BT39: =BT38 -> 0.2 | BU39: =BU38 -> 0.55 | BV39: 2.85 | BW39: 1 | BX39: 1 | BY39: =BV39 -> 2.85 | CD39: =SUM(BY39:CC39) -> 2.85 | CE39: =BW39*CD39*BX39 -> 2.85 | CF39: =PI()*(BR39/1000)^2*0.25*1*7850 -> 0.61653756 | CG39: =CE39*CF39 -> 1.757132
D40: At Long Span (Bottom) | E40: 12 | F40: 150 | G40: 2 | H40: 3.9 | I40: 0.4 | J40: =ROUND(((H40-0.075*2)/(F40/1000))+1,0) -> 26 | K40: 1 | L40: =I40-0.075*2 -> 0.25 | M40: =G40-0.075*2 -> 1.85 | N40: =L40 -> 0.25 | Q40: =SUM(L40:P40) -> 2.35 | R40: =J40*Q40*K40 -> 61.1 | S40: =PI()*(E40/1000)^2*0.25*1*7850 -> 0.88781408 | T40: =R40*S40 -> 54.245441 | Y40: C12 | Z40: Neck Column | AA40: Vertical Bars | AB40: 16 | AC40: as shown | AD40: 0.25 | AE40: 0.25 | AF40: 1.5 | AG40: 6 | AH40: 1 | AI40: =AF40-0.075 -> 1.425 | AJ40: =16*(AB40/1000) -> 0.256 | AN40: =SUM(AI40:AM40) -> 1.681 | AO40: =AG40*AN40*AH40 -> 10.086 | AP40: =PI()*(AB40/1000)^2*0.25*1*7850 -> 1.5783361 | AQ40: =AO40*AP40 -> 15.919098 | BO40: SB-1 | BP40: Strap Beams | BQ40: Bottom Bars | BR40: 16 | BS40: 0 | BT40: 0.25 | BU40: 0.6 | BV40: 4.49 | BW40: 5 | BX40: 1 | BY40: =BV40 -> 4.49 | CD40: =SUM(BY40:CC40) -> 4.49 | CE40: =BW40*CD40*BX40 -> 22.45 | CF40: =PI()*(BR40/1000)^2*0.25*1*7850 -> 1.5783361 | CG40: =CE40*CF40 -> 35.433647
D41: At Short Span (Top) | E41: 12 | F41: 250 | G41: 2 | H41: 3.9 | I41: 0.4 | J41: =ROUND(((G41-0.075*2)/(F41/1000))+1,0) -> 8 | K41: 1 | L41: =I41-0.075*2 -> 0.25 | M41: =H41-0.075*2 -> 3.75 | N41: =L41 -> 0.25 | Q41: =SUM(L41:P41) -> 4.25 | R41: =J41*Q41*K41 -> 34 | S41: =PI()*(E41/1000)^2*0.25*1*7850 -> 0.88781408 | T41: =R41*S41 -> 30.185679 | AA41: Column Ties | AB41: 10 | AC41: 200 | AD41: 0.25 | AE41: 0.25 | AF41: 1.5 | AG41: =ROUND(((1.5-0.075)/(AC41/1000))+1,0) -> 8 | AH41: 1 | AI41: =AD41-0.04*2 -> 0.17 | AJ41: =AE41-0.04*2 -> 0.17 | AK41: =AI41 -> 0.17 | AL41: =AJ41 -> 0.17 | AM41: =10*(AB41/1000) -> 0.1 | AN41: =SUM(AI41:AM41) -> 0.78 | AO41: =AG41*AN41*AH41 -> 6.24 | AP41: =PI()*(AB41/1000)^2*0.25*1*7850 -> 0.61653756 | AQ41: =AO41*AP41 -> 3.8471944 | BQ41: Top Bars | BR41: 16 | BS41: 0 | BT41: 0.25 | BU41: =BU40 -> 0.6 | BV41: 4.49 | BW41: 5 | BX41: 1 | BY41: =BV41 -> 4.49 | CD41: =SUM(BY41:CC41) -> 4.49 | CE41: =BW41*CD41*BX41 -> 22.45 | CF41: =PI()*(BR41/1000)^2*0.25*1*7850 -> 1.5783361 | CG41: =CE41*CF41 -> 35.433647
D42: At Long Span (Top) | E42: 12 | F42: 250 | G42: 2 | H42: 3.9 | I42: 0.4 | J42: =ROUND(((H42-0.075*2)/(F42/1000))+1,0) -> 16 | K42: 1 | L42: =I42-0.075*2 -> 0.25 | M42: =G42-0.075*2 -> 1.85 | N42: =L42 -> 0.25 | Q42: =SUM(L42:P42) -> 2.35 | R42: =J42*Q42*K42 -> 37.6 | S42: =PI()*(E42/1000)^2*0.25*1*7850 -> 0.88781408 | T42: =R42*S42 -> 33.38181 | Y42: C | Z42: Neck Column | AA42: Vertical Bars | AB42: 16 | AC42: as shown | AD42: 0.2 | AE42: 0.2 | AF42: 1.5 | AG42: 4 | AH42: 1 | AI42: =AF42-0.075 -> 1.425 | AJ42: =16*(AB42/1000) -> 0.256 | AN42: =SUM(AI42:AM42) -> 1.681 | AO42: =AG42*AN42*AH42 -> 6.724 | AP42: =PI()*(AB42/1000)^2*0.25*1*7850 -> 1.5783361 | AQ42: =AO42*AP42 -> 10.612732 | BQ42: Links | BR42: 10 | BS42: 150 | BT42: 0.25 | BU42: =BU41 -> 0.6 | BV42: 4.49 | BW42: =ROUND((BV42/(BS42/1000))+1,0) -> 31 | BX42: 1 | BY42: =BT42-0.04*2 -> 0.17 | BZ42: =BU42-0.04*2 -> 0.52 | CA42: =BY42 -> 0.17 | CB42: =BZ42 -> 0.52 | CC42: =(10*BR42)/1000 -> 0.1 | CD42: =SUM(BY42:CC42) -> 1.48 | CE42: =BW42*CD42*BX42 -> 45.88 | CF42: =PI()*(BR42/1000)^2*0.25*1*7850 -> 0.61653756 | CG42: =CE42*CF42 -> 28.286743
B43: CF3 Raft 3 | C43: Combined Footing | D43: At Short Span (Bottom) | E43: 20 | F43: 150 | G43: =2.2+2.4 -> 4.6 | H43: =1.425+1.425+0.95 -> 3.8 | I43: 0.5 | J43: =ROUND(((G43-0.075*2)/(F43/1000))+1,0) -> 31 | K43: 1 | L43: =I43-0.075*2 -> 0.35 | M43: =H43-0.075*2 -> 3.65 | N43: =L43 -> 0.35 | Q43: =SUM(L43:P43) -> 4.35 | R43: =J43*Q43*K43 -> 134.85 | S43: =PI()*(E43/1000)^2*0.25*1*7850 -> 2.4661502 | T43: =R43*S43 -> 332.56036 | U43: Area | V43: 15.8 | AA43: Column Ties | AB43: 10 | AC43: 200 | AD43: 0.2 | AE43: 0.2 | AF43: 1.5 | AG43: =ROUND(((1.5-0.075)/(AC43/1000))+1,0) -> 8 | AH43: 1 | AI43: =AD43-0.04*2 -> 0.12 | AJ43: =AE43-0.04*2 -> 0.12 | AK43: =AI43 -> 0.12 | AL43: =AJ43 -> 0.12 | AM43: =10*(AB43/1000) -> 0.1 | AN43: =SUM(AI43:AM43) -> 0.58 | AO43: =AG43*AN43*AH43 -> 4.64 | AP43: =PI()*(AB43/1000)^2*0.25*1*7850 -> 0.61653756 | AQ43: =AO43*AP43 -> 2.8607343
D44: At Long Span (Bottom) | E44: 16 | F44: 200 | G44: =2.2+2.4 -> 4.6 | H44: =1.425+1.425+0.95 -> 3.8 | I44: 0.5 | J44: =ROUND(((H44-0.075*2)/(F44/1000))+1,0) -> 19 | K44: 1 | L44: =I44-0.075*2 -> 0.35 | M44: =G44-0.075*2 -> 4.45 | N44: =L44 -> 0.35 | Q44: =SUM(L44:P44) -> 5.15 | R44: =J44*Q44*K44 -> 97.85 | S44: =PI()*(E44/1000)^2*0.25*1*7850 -> 1.5783361 | T44: =R44*S44 -> 154.44019 | V44: =G43*H43 -> 17.48 | AA44: Column Ties | AB44: 10 | AC44: 200 | AD44: 0.6 | AE44: 0.25 | AF44: 1.5 | AG44: =ROUND(((1.5-0.075)/(AC44/1000))+1,0) -> 8 | AN44: =SUM(AI44:AM44) -> 0 | AO44: =AG44*AN44*AH44 -> 0 | AP44: =PI()*(AB44/1000)^2*0.25*1*7850 -> 0.61653756 | AQ44: =AO44*AP44 -> 0 | BO44: SUMMARY
D45: At Short Span (Top) | E45: 12 | F45: 250 | G45: =2.2+2.4 -> 4.6 | H45: =1.425+1.425+0.95 -> 3.8 | I45: 0.5 | J45: =ROUND(((G45-0.075*2)/(F45/1000))+1,0) -> 19 | K45: 1 | L45: =I45-0.075*2 -> 0.35 | M45: =H45-0.075*2 -> 3.65 | N45: =L45 -> 0.35 | Q45: =SUM(L45:P45) -> 4.35 | R45: =J45*Q45*K45 -> 82.65 | S45: =PI()*(E45/1000)^2*0.25*1*7850 -> 0.88781408 | T45: =R45*S45 -> 73.377834 | V45: =SUM(T43:T46)/V44 -> 36.243379 | BO45: GRADE BEAM | BP45: WEIGHT | BQ45: LENGTH | BR45: Total Weight
D46: At Long Span (Top) | E46: 12 | F46: 250 | G46: =2.2+2.4 -> 4.6 | H46: =1.425+1.425+0.95 -> 3.8 | I46: 0.5 | J46: =ROUND(((H46-0.075*2)/(F46/1000))+1,0) -> 16 | K46: 1 | L46: =I46-0.075*2 -> 0.35 | M46: =G46-0.075*2 -> 4.45 | N46: =L46 -> 0.35 | Q46: =SUM(L46:P46) -> 5.15 | R46: =J46*Q46*K46 -> 82.4 | S46: =PI()*(E46/1000)^2*0.25*1*7850 -> 0.88781408 | T46: =R46*S46 -> 73.155881 | V46: =V45*V43 -> 572.64539 | W46: KGS | BO46: GB1 | BP46: =SUM(CG6:CG9)/BV6 -> 21.092127 | BQ46: ='Concrete Substructure'!G31 -> 164.4 | BR46: =BP46*BQ46*1.1 -> 3814.3003
B47: FC1 | C47: Isolated Footing | D47: At Short Span (Bottom) | E47: 12 | F47: 150 | G47: 1 | H47: 1.2 | I47: 0.3 | J47: =ROUND(((G47-0.075*2)/(F47/1000))+1,0) -> 7 | K47: 1 | L47: =I47-0.075*2 -> 0.15 | M47: =H47-0.075*2 -> 1.05 | N47: =L47 -> 0.15 | Q47: =SUM(L47:P47) -> 1.35 | R47: =J47*Q47*K47 -> 9.45 | S47: =PI()*(E47/1000)^2*0.25*1*7850 -> 0.88781408 | T47: =R47*S47 -> 8.3898431 | Z47: SUMMARY | BO47: GB2 | BP47: =SUM(CG10:CG13)/BV10 -> 22.821268 | BQ47: ='Concrete Substructure'!G32 -> 18.4 | BR47: =BP47*BQ47*1.1 -> 461.90246
D48: At Long Span (Bottom) | E48: 12 | F48: 150 | G48: 1 | H48: 1.2 | I48: 0.3 | J48: =ROUND(((H48-0.075*2)/(F48/1000))+1,0) -> 8 | K48: 1 | L48: =I48-0.075*2 -> 0.15 | M48: =G48-0.075*2 -> 0.85 | N48: =L48 -> 0.15 | Q48: =SUM(L48:P48) -> 1.15 | R48: =J48*Q48*K48 -> 9.2 | S48: =PI()*(E48/1000)^2*0.25*1*7850 -> 0.88781408 | T48: =R48*S48 -> 8.1678896 | Z48: NECK COLUMNS | AA48: WEIGHT | AB48: NO | AC48: Total Weight | BO48: GB3 | BP48: =SUM(CG14:CG17)/BV14 -> 22.886548 | BQ48: ='Concrete Substructure'!G33 -> 13.2 | BR48: =BP48*BQ48*1.1 -> 332.31267
D49: At Short Span (Top) | E49: 12 | F49: 200 | G49: 1 | H49: 1.2 | I49: 0.3 | J49: =ROUND(((G49-0.075*2)/(F49/1000))+1,0) -> 5 | K49: 1 | L49: =I49-0.075*2 -> 0.15 | M49: =H49-0.075*2 -> 1.05 | N49: =L49 -> 0.15 | Q49: =SUM(L49:P49) -> 1.35 | R49: =J49*Q49*K49 -> 6.75 | S49: =PI()*(E49/1000)^2*0.25*1*7850 -> 0.88781408 | T49: =R49*S49 -> 5.9927451 | Z49: C1 | AA49: =SUM(AQ7:AQ8) -> 21.245983 | AB49: 6 | AC49: =AA49*AB49 -> 127.4759 | BO49: GB4 | BP49: =SUM(CG18:CG21)/BV18 -> 18.534987 | BQ49: ='Concrete Substructure'!G34 -> 14.9 | BR49: =BP49*BQ49*1.1 -> 303.78844
D50: At Long Span (Top) | E50: 12 | F50: 200 | G50: 1 | H50: 1.2 | I50: 0.3 | J50: =ROUND(((H50-0.075*2)/(F50/1000))+1,0) -> 6 | K50: 1 | L50: =I50-0.075*2 -> 0.15 | M50: =G50-0.075*2 -> 0.85 | N50: =L50 -> 0.15 | Q50: =SUM(L50:P50) -> 1.15 | R50: =J50*Q50*K50 -> 6.9 | S50: =PI()*(E50/1000)^2*0.25*1*7850 -> 0.88781408 | T50: =R50*S50 -> 6.1259172 | Z50: C1* | AA50: =SUM(AQ9:AQ10) -> 21.245983 | AB50: ='Concrete Substructure'!F57 -> 1 | AC50: =AA50*AB50 -> 21.245983 | BO50: GB5 | BP50: =SUM(CG22:CG25)/BV22 -> 20.942245 | BQ50: ='Concrete Substructure'!G35 -> 21.3 | BR50: =BP50*BQ50*1.1 -> 490.67679
B51: FC2 | C51: Isolated Footing | D51: At Short Span (Bottom) | E51: 12 | F51: 150 | G51: 1 | H51: 1 | I51: 0.3 | J51: =ROUND(((G51-0.075*2)/(F51/1000))+1,0) -> 7 | K51: 1 | L51: =I51-0.075*2 -> 0.15 | M51: =H51-0.075*2 -> 0.85 | N51: =L51 -> 0.15 | Q51: =SUM(L51:P51) -> 1.15 | R51: =J51*Q51*K51 -> 8.05 | S51: =PI()*(E51/1000)^2*0.25*1*7850 -> 0.88781408 | T51: =R51*S51 -> 7.1469034 | Z51: C2 | AA51: =SUM(AQ11:AQ13) -> 81.421491 | AB51: ='Concrete Substructure'!F55 -> 1 | AC51: =AA51*AB51 -> 81.421491 | BO51: GB6 | BP51: =SUM(CG26:CG29)/BV26 -> 19.490077 | BQ51: ='Concrete Substructure'!G36 -> 3.5 | BR51: =BP51*BQ51*1.1 -> 75.036797
D52: At Long Span (Bottom) | E52: 12 | F52: 150 | G52: 1 | H52: 1 | I52: 0.3 | J52: =ROUND(((H52-0.075*2)/(F52/1000))+1,0) -> 7 | K52: 1 | L52: =I52-0.075*2 -> 0.15 | M52: =G52-0.075*2 -> 0.85 | N52: =L52 -> 0.15 | Q52: =SUM(L52:P52) -> 1.15 | R52: =J52*Q52*K52 -> 8.05 | S52: =PI()*(E52/1000)^2*0.25*1*7850 -> 0.88781408 | T52: =R52*S52 -> 7.1469034 | Z52: C3 | AA52: =SUM(AQ14:AQ16) -> 44.958116 | AB52: ='Concrete Substructure'!F56 -> 1 | AC52: =AA52*AB52 -> 44.958116 | BO52: GB7 | BP52: =SUM(CG30:CG33)/BV30 -> 21.536538 | BQ52: ='Concrete Substructure'!G37 -> 1.5 | BR52: =BP52*BQ52*1.1 -> 35.535287
D53: At Short Span (Top) | E53: 12 | F53: 200 | G53: 1 | H53: 1 | I53: 0.3 | J53: =ROUND(((G53-0.075*2)/(F53/1000))+1,0) -> 5 | K53: 1 | L53: =I53-0.075*2 -> 0.15 | M53: =H53-0.075*2 -> 0.85 | N53: =L53 -> 0.15 | Q53: =SUM(L53:P53) -> 1.15 | R53: =J53*Q53*K53 -> 5.75 | S53: =PI()*(E53/1000)^2*0.25*1*7850 -> 0.88781408 | T53: =R53*S53 -> 5.104931 | Z53: C4 | AA53: =SUM(AQ17:AQ19) -> 35.656587 | AB53: ='Concrete Substructure'!F46 -> 6 | AC53: =AA53*AB53 -> 213.93952 | BO53: B | BP53: =SUM(CG34:CG39)/BV34 -> 14.634655 | BQ53: ='Concrete Substructure'!G38 -> 110.3 | BR53: =BP53*BQ53*1.1 -> 1775.6227
D54: At Long Span (Top) | E54: 12 | F54: 200 | G54: 1 | H54: 1 | I54: 0.3 | J54: =ROUND(((H54-0.075*2)/(F54/1000))+1,0) -> 5 | K54: 1 | L54: =I54-0.075*2 -> 0.15 | M54: =G54-0.075*2 -> 0.85 | N54: =L54 -> 0.15 | Q54: =SUM(L54:P54) -> 1.15 | R54: =J54*Q54*K54 -> 5.75 | S54: =PI()*(E54/1000)^2*0.25*1*7850 -> 0.88781408 | T54: =R54*S54 -> 5.104931 | Z54: C4* | AA54: =SUM(AQ20:AQ22) -> 35.656587 | AB54: ='Concrete Substructure'!F49 -> 8 | AC54: =AA54*AB54 -> 285.25269 | BO54: SB1 | BP54: =SUM(CG40:CG42)/BV40 -> 22.083304 | BQ54: ='Concrete Substructure'!G29 -> 8.5 | BR54: =BP54*BQ54*1.1 -> 206.4789
B55: Raft 1 | C55: Combined Footing | D55: At Short Span (Bottom) | E55: 16 | F55: 200 | G55: 10.2 | H55: 5.45 | I55: 0.5 | J55: =ROUND(((G55-0.075*2)/(F55/1000))+1,0) -> 51 | K55: 1 | L55: =I55-0.075*2 -> 0.35 | M55: =H55-0.075*2 -> 5.3 | N55: =L55 -> 0.35 | Q55: =SUM(L55:P55) -> 6 | R55: =J55*Q55*K55 -> 306 | S55: =PI()*(E55/1000)^2*0.25*1*7850 -> 1.5783361 | T55: =R55*S55 -> 482.97086 | U55: Area | V55: 71.2 | Z55: C4** | AA55: =SUM(AQ23:AQ25) -> 35.656587 | AB55: ='Concrete Substructure'!F50 -> 2 | AC55: =AA55*AB55 -> 71.313173 | BO55: WALL | BR55: =SUM(BR46:BR54) -> 7495.6543
D56: At Long Span (Bottom) | E56: 16 | F56: 200 | G56: 10.2 | H56: 5.45 | I56: 0.5 | J56: =ROUND(((H56-0.075*2)/(F56/1000))+1,0) -> 28 | K56: 1 | L56: =I56-0.075*2 -> 0.35 | M56: =G56-0.075*2 -> 10.05 | N56: =L56 -> 0.35 | Q56: =SUM(L56:P56) -> 10.75 | R56: =J56*Q56*K56 -> 301 | S56: =PI()*(E56/1000)^2*0.25*1*7850 -> 1.5783361 | T56: =R56*S56 -> 475.07918 | V56: =G55*H55 -> 55.59 | Z56: C5 | AA56: =SUM(AQ26:AQ28) -> 35.163356 | AB56: 2 | AC56: =AA56*AB56 -> 70.326713
D57: At Short Span (Top) | E57: 16 | F57: 200 | G57: 10.2 | H57: 5.45 | I57: 0.5 | J57: =ROUND(((G57-0.075*2)/(F57/1000))+1,0) -> 51 | K57: 1 | L57: =I57-0.075*2 -> 0.35 | M57: =H57-0.075*2 -> 5.3 | N57: =L57 -> 0.35 | Q57: =SUM(L57:P57) -> 6 | R57: =J57*Q57*K57 -> 306 | S57: =PI()*(E57/1000)^2*0.25*1*7850 -> 1.5783361 | T57: =R57*S57 -> 482.97086 | V57: =SUM(T55:T58)/V56 -> 34.468431 | Z57: C6 | AA57: =SUM(AQ29:AQ32) -> 159.39037 | AB57: ='Concrete Substructure'!F54 -> 1 | AC57: =AA57*AB57 -> 159.39037
D58: At Long Span (Top) | E58: 16 | F58: 200 | G58: 10.2 | H58: 5.45 | I58: 0.5 | J58: =ROUND(((H58-0.075*2)/(F58/1000))+1,0) -> 28 | K58: 1 | L58: =I58-0.075*2 -> 0.35 | M58: =G58-0.075*2 -> 10.05 | N58: =L58 -> 0.35 | Q58: =SUM(L58:P58) -> 10.75 | R58: =J58*Q58*K58 -> 301 | S58: =PI()*(E58/1000)^2*0.25*1*7850 -> 1.5783361 | T58: =R58*S58 -> 475.07918 | V58: =V57*V55+T59 -> 2487.2974 | W58: KGS | Z58: C6* | AA58: =SUM(AQ33:AQ36) -> 159.39037 | AB58: ='Concrete Substructure'!F53 -> 1 | AC58: =AA58*AB58 -> 159.39037
D59: Additional Top Bar | E59: 16 | F59: 200 | G59: =1.35*2 -> 2.7 | J59: =ROUND(((G59-0.075*2)/(F59/1000))+1,0) -> 14 | K59: 1 | L59: 1.5 | Q59: =SUM(L59:P59) -> 1.5 | R59: =J59*Q59*K59 -> 21 | S59: =PI()*(E59/1000)^2*0.25*1*7850 -> 1.5783361 | T59: =R59*S59 -> 33.145059 | U59: Area | V59: 51.9 | Z59: C11 | AA59: =SUM(AQ37:AQ39) -> 35.656587 | AB59: ='Concrete Substructure'!F52 -> 2 | AC59: =AA59*AB59 -> 71.313173
B60: Raft 2 | C60: Combined Footing | D60: At Short Span (Bottom) | E60: 16 | F60: 150 | G60: =2.75+2.4+0.9+2.35 -> 8.4 | H60: 5.6 | I60: 0.6 | J60: =ROUND(((G60-0.075*2)/(F60/1000))+1,0) -> 56 | K60: 1 | L60: =I60-0.075*2 -> 0.45 | M60: =H60-0.075*2 -> 5.45 | N60: =L60 -> 0.45 | Q60: =SUM(L60:P60) -> 6.35 | R60: =J60*Q60*K60 -> 355.6 | S60: =PI()*(E60/1000)^2*0.25*1*7850 -> 1.5783361 | T60: =R60*S60 -> 561.25633 | V60: =G60*H60 -> 47.04 | Z60: C12 | AA60: =SUM(AQ40:AQ41) -> 19.766293 | AB60: ='Concrete Substructure'!F51 -> 2 | AC60: =AA60*AB60 -> 39.532586
D61: At Long Span (Bottom) | E61: 16 | F61: 150 | G61: =2.75+2.4+0.9+2.35 -> 8.4 | H61: 5.6 | I61: 0.6 | J61: =ROUND(((H61-0.075*2)/(F61/1000))+1,0) -> 37 | K61: 1 | L61: =I61-0.075*2 -> 0.45 | M61: =G61-0.075*2 -> 8.25 | N61: =L61 -> 0.45 | Q61: =SUM(L61:P61) -> 9.15 | R61: =J61*Q61*K61 -> 338.55 | S61: =PI()*(E61/1000)^2*0.25*1*7850 -> 1.5783361 | T61: =R61*S61 -> 534.3457 | V61: =SUM(T60:T63)/V60 -> 46.581719 | Z61: C | AA61: =AQ42+AQ43 -> 13.473467 | AB61: ='Concrete Substructure'!F47 -> 40 | AC61: =AA61*AB61 -> 538.93866
D62: At Short Span (Top) | E62: 16 | F62: 150 | G62: =2.75+2.4+0.9+2.35 -> 8.4 | H62: 5.6 | I62: 0.6 | J62: =ROUND(((G62-0.075*2)/(F62/1000))+1,0) -> 56 | K62: 1 | L62: =I62-0.075*2 -> 0.45 | M62: =H62-0.075*2 -> 5.45 | N62: =L62 -> 0.45 | Q62: =SUM(L62:P62) -> 6.35 | R62: =J62*Q62*K62 -> 355.6 | S62: =PI()*(E62/1000)^2*0.25*1*7850 -> 1.5783361 | T62: =R62*S62 -> 561.25633 | V62: =V61*V59 -> 2417.5912 | W62: KGS | Z62: NECK COLUMNS | AC62: =SUM(AC49:AC61) -> 1884.4987
D63: At Long Span (Top) | E63: 16 | F63: 150 | G63: =2.75+2.4+0.9+2.35 -> 8.4 | H63: 5.6 | I63: 0.6 | J63: =ROUND(((H63-0.075*2)/(F63/1000))+1,0) -> 37 | K63: 1 | L63: =I63-0.075*2 -> 0.45 | M63: =G63-0.075*2 -> 8.25 | N63: =L63 -> 0.45 | Q63: =SUM(L63:P63) -> 9.15 | R63: =J63*Q63*K63 -> 338.55 | S63: =PI()*(E63/1000)^2*0.25*1*7850 -> 1.5783361 | T63: =R63*S63 -> 534.3457 | V63: =SUM(T64:T69) -> 951.7071
D64: Additional Top Bar | E64: 20 | F64: 300 | G64: 2.4 | J64: =ROUND(((G64-0.075*2)/(F64/1000))+1,0) -> 9 | K64: 1 | L64: 2 | Q64: =SUM(L64:P64) -> 2 | R64: =J64*Q64*K64 -> 18 | S64: =PI()*(E64/1000)^2*0.25*1*7850 -> 2.4661502 | T64: =R64*S64 -> 44.390704 | V64: =V62+V63 -> 3369.2983
D65: Additional Top Bar | E65: 20 | F65: 150 | G65: 1.9 | J65: =ROUND(((G65-0.075*2)/(F65/1000))+1,0) -> 13 | K65: 1 | L65: 2 | Q65: =SUM(L65:P65) -> 2 | R65: =J65*Q65*K65 -> 26 | S65: =PI()*(E65/1000)^2*0.25*1*7850 -> 2.4661502 | T65: =R65*S65 -> 64.119906
D66: Additional Top Bar | E66: 16 | F66: 300 | G66: 1.4 | J66: =ROUND(((G66-0.075*2)/(F66/1000))+1,0) -> 5 | K66: 1 | L66: 2.5 | Q66: =SUM(L66:P66) -> 2.5 | R66: =J66*Q66*K66 -> 12.5 | S66: =PI()*(E66/1000)^2*0.25*1*7850 -> 1.5783361 | T66: =R66*S66 -> 19.729202
D67: Additional Bottom Bar | E67: 20 | F67: 150 | G67: 4.3 | J67: =ROUND(((G67-0.075*2)/(F67/1000))+1,0) -> 29 | K67: 1 | L67: 3.6 | Q67: =SUM(L67:P67) -> 3.6 | R67: =J67*Q67*K67 -> 104.4 | S67: =PI()*(E67/1000)^2*0.25*1*7850 -> 2.4661502 | T67: =R67*S67 -> 257.46608
D68: Additional Top Bar | E68: 16 | F68: 150 | G68: 4.35 | J68: =ROUND(((G68-0.075*2)/(F68/1000))+1,0) -> 29 | K68: 1 | L68: 1.8 | Q68: =SUM(L68:P68) -> 1.8 | R68: =J68*Q68*K68 -> 52.2 | S68: =PI()*(E68/1000)^2*0.25*1*7850 -> 1.5783361 | T68: =R68*S68 -> 82.389147
D69: Additional Bottom Bar | E69: 20 | F69: 150 | G69: 5.6 | J69: =ROUND(((G69-0.075*2)/(F69/1000))+1,0) -> 37 | K69: 1 | L69: 5.3 | Q69: =SUM(L69:P69) -> 5.3 | R69: =J69*Q69*K69 -> 196.1 | S69: =PI()*(E69/1000)^2*0.25*1*7850 -> 2.4661502 | T69: =R69*S69 -> 483.61206
B70: WEIGHT OF REBAR PER FOOTING | T70: =SUM(T7:T42)+SUM(T47:T54)+V46+V58+V62 -> 6485.3361
C72: SUMMARY
C73: FOOTING MARK | D73: WEIGHT | E73: NO | F73: Total Weight
C74: F-01 | D74: =SUM(T7:T10) -> 32.893512 | E74: ='Concrete Substructure'!F14 -> 4 | F74: =D74*E74 -> 131.57405
C75: F-02 | D75: =SUM(T11:T14) -> 41.949215 | E75: ='Concrete Substructure'!F15 -> 2 | F75: =D75*E75 -> 83.898431
C76: F-03 | D76: =SUM(T15:T18) -> 43.369718 | E76: ='Concrete Substructure'!F16 -> 2 | F76: =D76*E76 -> 86.739436
C77: F-04 | D77: =SUM(T19:T22) -> 95.484405 | E77: ='Concrete Substructure'!F17 -> 3 | F77: =D77*E77 -> 286.45321
C78: F-05 | D78: =SUM(T23:T26) -> 105.5167 | E78: ='Concrete Substructure'!F18 -> 4 | F78: =D78*E78 -> 422.06682
C79: F-06 | D79: =SUM(T27:T30) -> 163.37259 | E79: ='Concrete Substructure'!F19 -> 4 | F79: =D79*E79 -> 653.49035
C80: F-07 | D80: =SUM(T31:T34) -> 206.40198 | E80: 4 | F80: =D80*E80 -> 825.60791
C81: CF1 | D81: =SUM(T35:T38) -> 98.769317 | E81: ='Concrete Substructure'!F21 -> 1 | F81: =D81*E81 -> 98.769317
C82: CF2 | D82: =SUM(T39:T42) -> 166.86466 | E82: ='Concrete Substructure'!F22 -> 2 | F82: =D82*E82 -> 333.72931
C83: CF3 | D83: =SUM(T43:T46) -> 633.53427 | E83: 1 | F83: =D83*E83 -> 633.53427
C84: FC1 | D84: =SUM(T47:T50) -> 28.676395 | E84: ='Concrete Substructure'!F24 -> 37 | F84: =D84*E84 -> 1061.0266
C85: FC2 | D85: =SUM(T51:T54) -> 24.503669 | E85: ='Concrete Substructure'!F25 -> 3 | F85: =D85*E85 -> 73.511006
C86: Raft 1 | D86: =V58 -> 2487.2974 | E86: 1 | F86: =D86*E86 -> 2487.2974
C87: Raft 2 | D87: =V64 -> 3369.2983 | E87: 1 | F87: =D87*E87 -> 3369.2983
C88: FOOTING | F88: =SUM(F74:F85) -> 4690.4007
C89: Raft | F89: =SUM(F86:F87) -> 5856.5957

Sheet Rebar-Superstructure
AT2: SUSPENDED BEAMS | BO2: LIFT PIT WALL | CI2: SUSPENDED SLAB
D3: COLUMN | Y3: SHEAR WALL
AT4: Rebars | BO4: Rebars | CI4: Rebars | CJ4: A = 470
D5: Rebars | Y5: Rebars | AT5: Mark | AU5: Member | AV5: Bar Name | AW5: Bar | AX5: Spacing | AY5: Depth | AZ5: Width | BA5: Length | BB5: Qty | BC5: Timesing | BD5: a | BE5: b | BF5: c | BG5: d | BH5: e | BI5: Length per Bar | BJ5: Total Length | BK5: wt/m | BL5: Total Weight | BO5: Mark | BP5: Member | BQ5: Bar Name | BR5: Bar | BS5: Spacing | BT5: Height | BU5: Width | BV5: Length | BW5: Qty | BX5: Timesing | BY5: a | BZ5: b | CA5: c | CB5: d | CC5: e | CD5: Length per Bar | CE5: Total Length | CF5: wt/m | CG5: Total Weight | CI5: Mark | CJ5: Member | CK5: Bar Name | CL5: Bar | CM5: Spacing | CN5: Height | CO5: Width | CP5: Length | CQ5: Qty | CR5: Timesing | CS5: a | CT5: b | CU5: c | CV5: d | CW5: e | CX5: Length per Bar | CY5: Total Length | CZ5: wt/m | DA5: Total Weight
D6: Mark | E6: Member | F6: Bar Name | G6: Bar | H6: Spacing | I6: Length | J6: Width | K6: Height | L6: Qty | M6: Timesing | N6: a | O6: b | P6: c | Q6: d | R6: e | S6: Length per Bar | T6: Total Length | U6: wt/m | V6: Total Weight | Y6: Mark | Z6: Member | AA6: Bar Name | AB6: Bar | AC6: Spacing | AD6: Length | AE6: Width | AF6: Height | AG6: Qty | AH6: Timesing | AI6: a | AJ6: b | AK6: c | AL6: d | AM6: e | AN6: Length per Bar | AO6: Total Length | AP6: wt/m | AQ6: Total Weight | AT6: GB-1 | AU6: Grade Beam | AV6: Bottom Bars | AW6: 16 | AX6: 0 | AY6: 0.4 | AZ6: 0.25 | BA6: 4.9 | BB6: 4 | BC6: 1 | BD6: =BA6 -> 4.9 | BI6: =SUM(BD6:BH6) -> 4.9 | BJ6: =BB6*BI6*BC6 -> 19.6 | BK6: =PI()*(AW6/1000)^2*0.25*1*7850 -> 1.5783361 | BL6: =BJ6*BK6 -> 30.935389 | BP6: GF TO FF | BQ6: Vertical | BR6: 20 | BS6: 150 | BT6: =K7 -> 4.5 | BU6: 0.25 | BV6: 2.35 | BW6: 16 | BX6: 2 | BY6: =BT6 -> 4.5 | BZ6: 0.8 | CD6: =SUM(BY6:CC6) -> 5.3 | CE6: =BW6*CD6*BX6 -> 169.6 | CF6: =PI()*(BR6/1000)^2*0.25*1*7850 -> 2.4661502 | CG6: =CE6*CF6 -> 418.25908 | CJ6: FIRST FLOOR | CK6: At Long Side Bottom Bars | CL6: 12 | CM6: 200 | CO6: 7 | CP6: 9.5 | CQ6: =ROUND((CO6/(CM6/1000))+1,0) -> 36 | CR6: 1 | CS6: 0.6 | CT6: =CP7 -> 9.5 | CU6: 0.2 | CX6: =SUM(CS6:CW6) -> 10.3 | CY6: =CQ6*CX6*CR6 -> 370.8 | CZ6: =PI()*(CL6/1000)^2*0.25*1*7850 -> 0.88781408 | DA6: =CY6*CZ6 -> 329.20146
D7: C1 | E7: GF TO FF | F7: Vertical Bars | G7: 16 | H7: as shown | I7: 0.4 | J7: 0.25 | K7: 4.5 | L7: 6 | M7: 1 | N7: =K7 -> 4.5 | O7: 0.6 | S7: =SUM(N7:R7) -> 5.1 | T7: =L7*S7*M7 -> 30.6 | U7: =PI()*(G7/1000)^2*0.25*1*7850 -> 1.5783361 | V7: =T7*U7 -> 48.297086 | Y7: W1 | Z7: GF TO FF | AA7: Main Vertical Bars | AB7: 20 | AC7: as shown | AF7: =K7 -> 4.5 | AG7: 12 | AH7: 2 | AI7: =AF7 -> 4.5 | AJ7: =16*(AB7/1000) -> 0.32 | AN7: =SUM(AI7:AM7) -> 4.82 | AO7: =AG7*AN7*AH7 -> 115.68 | AP7: =PI()*(AB7/1000)^2*0.25*1*7850 -> 2.4661502 | AQ7: =AO7*AP7 -> 285.28426 | AV7: Top Bars | AW7: 16 | AX7: 0 | AY7: 0.4 | AZ7: 0.25 | BA7: 4.9 | BB7: 6 | BC7: 1 | BD7: =BA7 -> 4.9 | BI7: =SUM(BD7:BH7) -> 4.9 | BJ7: =BB7*BI7*BC7 -> 29.4 | BK7: =PI()*(AW7/1000)^2*0.25*1*7850 -> 1.5783361 | BL7: =BJ7*BK7 -> 46.403083 | BQ7: Vertical | BR7: 20 | BS7: 150 | BT7: =BT6 -> 4.5 | BV7: 37.2 | BW7: 24 | BX7: 2 | BY7: =BT7 -> 4.5 | BZ7: =BZ6 -> 0.8 | CD7: =SUM(BY7:CC7) -> 5.3 | CE7: =BW7*CD7*BX7 -> 254.4 | CF7: =PI()*(BR7/1000)^2*0.25*1*7850 -> 2.4661502 | CG7: =CE7*CF7 -> 627.38862 | CK7: At Short Side Bottom Bars | CL7: 12 | CM7: 200 | CO7: 7 | CP7: 9.5 | CQ7: =ROUND((CP7/(CM7/1000))+1,0) -> 49 | CR7: 1 | CS7: =CS6 -> 0.6 | CT7: =CO6 -> 7 | CU7: =CU6 -> 0.2 | CX7: =SUM(CS7:CW7) -> 7.8 | CY7: =CQ7*CX7*CR7 -> 382.2 | CZ7: =PI()*(CL7/1000)^2*0.25*1*7850 -> 0.88781408 | DA7: =CY7*CZ7 -> 339.32254
F8: Column Ties | G8: 10 | H8: 200 | I8: 0.4 | J8: 0.25 | K8: 4.5 | L8: =ROUND((K8/(H8/1000))+1,0) -> 24 | M8: 1 | N8: =I8-0.04*2 -> 0.32 | O8: =J8-0.04*2 -> 0.17 | P8: =N8 -> 0.32 | Q8: =O8 -> 0.17 | R8: =10*(G8/1000) -> 0.1 | S8: =SUM(N8:R8) -> 1.08 | T8: =L8*S8*M8 -> 25.92 | U8: =PI()*(G8/1000)^2*0.25*1*7850 -> 0.61653756 | V8: =T8*U8 -> 15.980654 | AA8: Intermediate Vertical Bars | AB8: 16 | AC8: 200 | AF8: =AF7 -> 4.5 | AG8: 14 | AH8: 1 | AI8: =AF8 -> 4.5 | AJ8: =16*(AB8/1000) -> 0.256 | AN8: =SUM(AI8:AM8) -> 4.756 | AO8: =AG8*AN8*AH8 -> 66.584 | AP8: =PI()*(AB8/1000)^2*0.25*1*7850 -> 1.5783361 | AQ8: =AO8*AP8 -> 105.09193 | AV8: Links | AW8: 10 | AX8: 200 | AY8: 0.4 | AZ8: 0.25 | BA8: 4.9 | BB8: =ROUND((BA8/(AX8/1000))+1,0) -> 26 | BC8: 1 | BD8: =AY8-0.04*2 -> 0.32 | BE8: =AZ8-0.04*2 -> 0.17 | BF8: =BD8 -> 0.32 | BG8: =BE8 -> 0.17 | BH8: =(10*AW8)/1000 -> 0.1 | BI8: =SUM(BD8:BH8) -> 1.08 | BJ8: =BB8*BI8*BC8 -> 28.08 | BK8: =PI()*(AW8/1000)^2*0.25*1*7850 -> 0.61653756 | BL8: =BJ8*BK8 -> 17.312375 | BQ8: Vertical | BR8: 12 | BS8: 200 | BT8: =BT7 -> 4.5 | BV8: 37.2 | BW8: 16 | BX8: 1 | BY8: =BT8 -> 4.5 | BZ8: =BZ7 -> 0.8 | CD8: =SUM(BY8:CC8) -> 5.3 | CE8: =BW8*CD8*BX8 -> 84.8 | CF8: =PI()*(BR8/1000)^2*0.25*1*7850 -> 0.88781408 | CG8: =CE8*CF8 -> 75.286634 | CK8: At Long Side Top Bars | CL8: 12 | CM8: 200 | CO8: 7 | CP8: 9.5 | CQ8: =ROUND((CO8/(CM8/1000))+1,0) -> 36 | CR8: 1 | CS8: =CS7 -> 0.6 | CT8: =CP9 -> 9.5 | CU8: =CU7 -> 0.2 | CX8: =SUM(CS8:CW8) -> 10.3 | CY8: =CQ8*CX8*CR8 -> 370.8 | CZ8: =PI()*(CL8/1000)^2*0.25*1*7850 -> 0.88781408 | DA8: =CY8*CZ8 -> 329.20146
D9: C1* | E9: GF TO FF | F9: Vertical Bars | G9: 16 | H9: as shown | I9: 0.4 | J9: 0.25 | K9: 4.5 | L9: 6 | M9: 1 | N9: =K9 -> 4.5 | O9: 0.6 | S9: =SUM(N9:R9) -> 5.1 | T9: =L9*S9*M9 -> 30.6 | U9: =PI()*(G9/1000)^2*0.25*1*7850 -> 1.5783361 | V9: =T9*U9 -> 48.297086 | AA9: Column Ties Main Bars | AB9: 10 | AC9: 200 | AD9: 2.5 | AE9: 0.3 | AF9: =AF8 -> 4.5 | AG9: =ROUND((AF9/(AC9/1000))+1,0) -> 24 | AH9: 1 | AI9: =AD9-0.04*2 -> 2.42 | AJ9: =AE9-0.04*2 -> 0.22 | AK9: =AI9 -> 2.42 | AL9: =AJ9 -> 0.22 | AM9: =10*(AB9/1000) -> 0.1 | AN9: =SUM(AI9:AM9) -> 5.38 | AO9: =AG9*AN9*AH9 -> 129.12 | AP9: =PI()*(AB9/1000)^2*0.25*1*7850 -> 0.61653756 | AQ9: =AO9*AP9 -> 79.60733 | AV9: Side Bars | AW9: 12 | AX9: 0 | AY9: 0.4 | AZ9: 0.25 | BA9: 4.9 | BB9: 2 | BC9: 1 | BD9: =BA9 -> 4.9 | BI9: =SUM(BD9:BH9) -> 4.9 | BJ9: =BB9*BI9*BC9 -> 9.8 | BK9: =PI()*(AW9/1000)^2*0.25*1*7850 -> 0.88781408 | BL9: =BJ9*BK9 -> 8.700578 | BQ9: Vertical | BR9: 16 | BS9: 150 | BT9: =BT8 -> 4.5 | BV9: 37.2 | BW9: 16 | BX9: 2 | BY9: =BT9 -> 4.5 | BZ9: =BZ8 -> 0.8 | CD9: =SUM(BY9:CC9) -> 5.3 | CE9: =BW9*CD9*BX9 -> 169.6 | CF9: =PI()*(BR9/1000)^2*0.25*1*7850 -> 1.5783361 | CG9: =CE9*CF9 -> 267.68581 | CK9: At Short Side Top Bars | CL9: 12 | CM9: 200 | CO9: 7 | CP9: 9.5 | CQ9: =ROUND((CP9/(CM9/1000))+1,0) -> 49 | CR9: 1 | CS9: =CS8 -> 0.6 | CT9: =CO8 -> 7 | CU9: =CU8 -> 0.2 | CX9: =SUM(CS9:CW9) -> 7.8 | CY9: =CQ9*CX9*CR9 -> 382.2 | CZ9: =PI()*(CL9/1000)^2*0.25*1*7850 -> 0.88781408 | DA9: =CY9*CZ9 -> 339.32254
F10: Column Ties | G10: 10 | H10: 200 | I10: 0.4 | J10: 0.25 | K10: 4.5 | L10: =ROUND((K10/(H10/1000))+1,0) -> 24 | M10: 1 | N10: =I10-0.04*2 -> 0.32 | O10: =J10-0.04*2 -> 0.17 | P10: =N10 -> 0.32 | Q10: =O10 -> 0.17 | R10: =10*(G10/1000) -> 0.1 | S10: =SUM(N10:R10) -> 1.08 | T10: =L10*S10*M10 -> 25.92 | U10: =PI()*(G10/1000)^2*0.25*1*7850 -> 0.61653756 | V10: =T10*U10 -> 15.980654 | AA10: Column Ties Main Bars | AB10: 10 | AC10: 200 | AD10: 0.55 | AE10: 0.3 | AF10: =AF9 -> 4.5 | AG10: =ROUND((AF10/(AC10/1000))+1,0) -> 24 | AH10: 2 | AI10: =AD10-0.04 -> 0.51 | AJ10: =AE10-0.04*2 -> 0.22 | AK10: =AI10 -> 0.51 | AL10: =AJ10 -> 0.22 | AM10: =10*(AB10/1000) -> 0.1 | AN10: =SUM(AI10:AM10) -> 1.56 | AO10: =AG10*AN10*AH10 -> 74.88 | AP10: =PI()*(AB10/1000)^2*0.25*1*7850 -> 0.61653756 | AQ10: =AO10*AP10 -> 46.166332 | AT10: GB-2 | AU10: Grade Beam | AV10: Bottom Bars | AW10: 16 | AX10: 0 | AY10: 0.3 | AZ10: 0.82 | BA10: 3.55 | BB10: 4 | BC10: 1 | BD10: =BA10 -> 3.55 | BI10: =SUM(BD10:BH10) -> 3.55 | BJ10: =BB10*BI10*BC10 -> 14.2 | BK10: =PI()*(AW10/1000)^2*0.25*1*7850 -> 1.5783361 | BL10: =BJ10*BK10 -> 22.412373 | BQ10: Link | BR10: 12 | BS10: 150 | BT10: =BT9 -> 4.5 | BU10: 0.25 | BV10: 2.35 | BW10: =ROUND((BT10/(BS10/1000))+1,0) -> 31 | BX10: 1 | BY10: =BV10-0.05*2 -> 2.25 | BZ10: =BU10-0.05*2 -> 0.15 | CA10: =BY10 -> 2.25 | CB10: =BZ10 -> 0.15 | CD10: =SUM(BY10:CC10) -> 4.8 | CE10: =BW10*CD10*BX10 -> 148.8 | CF10: =PI()*(BR10/1000)^2*0.25*1*7850 -> 0.88781408 | CG10: =CE10*CF10 -> 132.10674
D11: C2 | E11: GF TO FF | F11: Vertical Bars | G11: 25 | H11: as shown | I11: 0.8 | J11: 0.25 | K11: 4.5 | L11: 10 | M11: 1 | N11: =K11 -> 4.5 | O11: 0.6 | S11: =SUM(N11:R11) -> 5.1 | T11: =L11*S11*M11 -> 51 | U11: =PI()*(G11/1000)^2*0.25*1*7850 -> 3.8533597 | V11: =T11*U11 -> 196.52135 | AA11: C Bar Main Bars | AB11: 10 | AC11: 200 | AD11: 0.55 | AE11: 0.3 | AF11: =AF10 -> 4.5 | AG11: =ROUND((AF11/(AC11/1000))+1,0) -> 24 | AH11: 2 | AI11: 0.1 | AJ11: =AE11-0.04*2 -> 0.22 | AK11: 0.1 | AN11: =SUM(AI11:AM11) -> 0.42 | AO11: =AG11*AN11*AH11 -> 20.16 | AP11: =PI()*(AB11/1000)^2*0.25*1*7850 -> 0.61653756 | AQ11: =AO11*AP11 -> 12.429397 | AV11: Top Bars | AW11: 16 | AX11: 0 | AY11: =AY10 -> 0.3 | AZ11: =AZ10 -> 0.82 | BA11: 3.55 | BB11: 6 | BC11: 1 | BD11: =BA11 -> 3.55 | BI11: =SUM(BD11:BH11) -> 3.55 | BJ11: =BB11*BI11*BC11 -> 21.3 | BK11: =PI()*(AW11/1000)^2*0.25*1*7850 -> 1.5783361 | BL11: =BJ11*BK11 -> 33.61856 | BQ11: Link | BR11: 12 | BS11: 150 | BT11: =BT10 -> 4.5 | BU11: 0.25 | BV11: 2.125 | BW11: =ROUND((BT11/(BS11/1000))+1,0) -> 31 | BX11: 2 | BY11: =BV11-0.05*2 -> 2.025 | BZ11: =BU11-0.05*2 -> 0.15 | CA11: =BY11 -> 2.025 | CB11: =BZ11 -> 0.15 | CD11: =SUM(BY11:CC11) -> 4.35 | CE11: =BW11*CD11*BX11 -> 269.7 | CF11: =PI()*(BR11/1000)^2*0.25*1*7850 -> 0.88781408 | CG11: =CE11*CF11 -> 239.44346
F12: Column Ties | G12: 10 | H12: 200 | I12: 0.8 | J12: 0.25 | K12: 4.5 | L12: =ROUND((K12/(H12/1000))+1,0) -> 24 | M12: 1 | N12: =I12-0.04*2 -> 0.72 | O12: =J12-0.04*2 -> 0.17 | P12: =N12 -> 0.72 | Q12: =O12 -> 0.17 | R12: =10*(G12/1000) -> 0.1 | S12: =SUM(N12:R12) -> 1.88 | T12: =L12*S12*M12 -> 45.12 | U12: =PI()*(G12/1000)^2*0.25*1*7850 -> 0.61653756 | V12: =T12*U12 -> 27.818175 | AA12: C Bars Intermediatte | AB12: 10 | AC12: 200 | AD12: 0.55 | AE12: 0.3 | AF12: =AF11 -> 4.5 | AG12: =ROUND((AF12/(AC12/1000))+1,0) -> 24 | AH12: 3 | AI12: 0.1 | AJ12: =AE12-0.04*2 -> 0.22 | AK12: 0.1 | AN12: =SUM(AI12:AM12) -> 0.42 | AO12: =AG12*AN12*AH12 -> 30.24 | AP12: =PI()*(AB12/1000)^2*0.25*1*7850 -> 0.61653756 | AQ12: =AO12*AP12 -> 18.644096 | AV12: Links | AW12: 10 | AX12: 250 | AY12: =AY11 -> 0.3 | AZ12: =AZ11 -> 0.82 | BA12: 3.55 | BB12: =ROUND((BA12/(AX12/1000))+1,0) -> 15 | BC12: 1 | BD12: =AY12-0.04*2 -> 0.22 | BE12: =AZ12-0.04*2 -> 0.74 | BF12: =BD12 -> 0.22 | BG12: =BE12 -> 0.74 | BH12: =(10*AW12)/1000 -> 0.1 | BI12: =SUM(BD12:BH12) -> 2.02 | BJ12: =BB12*BI12*BC12 -> 30.3 | BK12: =PI()*(AW12/1000)^2*0.25*1*7850 -> 0.61653756 | BL12: =BJ12*BK12 -> 18.681088 | BQ12: Link 1 | BR12: 12 | BS12: 150 | BT12: =BT11 -> 4.5 | BU12: 0.25 | BV12: 2.125 | BW12: =ROUND((BT12/(BS12/1000))+1,0) -> 31 | BX12: 4 | BY12: 0.67 | BZ12: =BU12-0.05*2 -> 0.15 | CA12: =BY12 -> 0.67 | CB12: =BZ12 -> 0.15 | CD12: =SUM(BY12:CC12) -> 1.64 | CE12: =BW12*CD12*BX12 -> 203.36 | CF12: =PI()*(BR12/1000)^2*0.25*1*7850 -> 0.88781408 | CG12: =CE12*CF12 -> 180.54587
F13: Column Ties | G13: 10 | H13: 200 | I13: 0.8 | J13: 0.25 | K13: 4.5 | L13: =ROUND((K13/(H13/1000))+1,0) -> 24 | M13: 1 | N13: =10*(G13/1000) -> 0.1 | O13: =J13-0.04*2 -> 0.17 | P13: =N13 -> 0.1 | S13: =SUM(N13:R13) -> 0.37 | T13: =L13*S13*M13 -> 8.88 | U13: =PI()*(G13/1000)^2*0.25*1*7850 -> 0.61653756 | V13: =T13*U13 -> 5.4748535 | Y13: W2 | Z13: GF TO FF | AA13: Main Vertical Bars | AB13: 16 | AC13: as shown | AF13: 4.5 | AG13: 4 | AH13: 2 | AI13: =AF13 -> 4.5 | AJ13: =16*(AB13/1000) -> 0.256 | AN13: =SUM(AI13:AM13) -> 4.756 | AO13: =AG13*AN13*AH13 -> 38.048 | AP13: =PI()*(AB13/1000)^2*0.25*1*7850 -> 1.5783361 | AQ13: =AO13*AP13 -> 60.052534 | AV13: Side Bars | AW13: 12 | AX13: =AX11 -> 0 | AY13: 0.4 | AZ13: 0.25 | BA13: =BA12 -> 3.55 | BB13: 2 | BC13: 1 | BD13: =BA13 -> 3.55 | BI13: =SUM(BD13:BH13) -> 3.55 | BJ13: =BB13*BI13*BC13 -> 7.1 | BK13: =PI()*(AW13/1000)^2*0.25*1*7850 -> 0.88781408 | BL13: =BJ13*BK13 -> 6.30348 | BQ13: Link 2 | BR13: 12 | BS13: 150 | BT13: =BT12 -> 4.5 | BU13: 0.25 | BV13: 2.125 | BW13: =ROUND((BT13/(BS13/1000))+1,0) -> 31 | BX13: 2 | BY13: 0.5 | BZ13: =BU13-0.05*2 -> 0.15 | CA13: =BY13 -> 0.5 | CB13: =BZ13 -> 0.15 | CD13: =SUM(BY13:CC13) -> 1.3 | CE13: =BW13*CD13*BX13 -> 80.6 | CF13: =PI()*(BR13/1000)^2*0.25*1*7850 -> 0.88781408 | CG13: =CE13*CF13 -> 71.557815
D14: C3 | E14: GF TO FF | F14: Vertical Bars | G14: 16 | H14: as shown | I14: 0.8 | J14: 0.25 | K14: 4.5 | L14: 12 | M14: 1 | N14: =K14 -> 4.5 | S14: =SUM(N14:R14) -> 4.5 | T14: =L14*S14*M14 -> 54 | U14: =PI()*(G14/1000)^2*0.25*1*7850 -> 1.5783361 | V14: =T14*U14 -> 85.230152 | AA14: Intermediate Vertical Bars | AB14: 12 | AC14: as shown | AF14: 4.5 | AG14: 10 | AH14: 1 | AI14: =AF14 -> 4.5 | AJ14: =16*(AB14/1000) -> 0.192 | AN14: =SUM(AI14:AM14) -> 4.692 | AO14: =AG14*AN14*AH14 -> 46.92 | AP14: =PI()*(AB14/1000)^2*0.25*1*7850 -> 0.88781408 | AQ14: =AO14*AP14 -> 41.656237 | AT14: GB-3 | AU14: Grade Beam | AV14: Bottom Bars | AW14: 16 | AX14: 0 | AY14: 0.25 | AZ14: 0.82 | BA14: 2.93 | BB14: 2 | BC14: 1 | BD14: =BA14 -> 2.93 | BI14: =SUM(BD14:BH14) -> 2.93 | BJ14: =BB14*BI14*BC14 -> 5.86 | BK14: =PI()*(AW14/1000)^2*0.25*1*7850 -> 1.5783361 | BL14: =BJ14*BK14 -> 9.2490498 | BQ14: C- Bars | BR14: 8 | BS14: 200 | BT14: =BT13 -> 4.5 | BU14: 0.25 | BV14: 2.125 | BW14: =ROUND((BT14/(BS14/1000))+1,0) -> 24 | BX14: 14 | BY14: 0.17 | BZ14: =0.1 -> 0.1 | CB14: =BZ14 -> 0.1 | CD14: =SUM(BY14:CC14) -> 0.37 | CE14: =BW14*CD14*BX14 -> 124.32 | CF14: =PI()*(BR14/1000)^2*0.25*1*7850 -> 0.39458404 | CG14: =CE14*CF14 -> 49.054688
F15: Column Ties | G15: 10 | H15: 200 | I15: 0.8 | J15: 0.25 | K15: 4.5 | L15: =ROUND((K15/(H15/1000))+1,0) -> 24 | M15: 1 | N15: =I15-0.04*2 -> 0.72 | O15: =J15-0.04*2 -> 0.17 | P15: =N15 -> 0.72 | Q15: =O15 -> 0.17 | R15: =10*(G15/1000) -> 0.1 | S15: =SUM(N15:R15) -> 1.88 | T15: =L15*S15*M15 -> 45.12 | U15: =PI()*(G15/1000)^2*0.25*1*7850 -> 0.61653756 | V15: =T15*U15 -> 27.818175 | AA15: Column Ties Main Bars | AB15: 10 | AC15: 200 | AF15: 4.5 | AG15: =ROUND((AF15/(AC15/1000))+1,0) -> 24 | AH15: 2 | AI15: 0.17 | AJ15: 0.17 | AK15: =AI15 -> 0.17 | AL15: =AJ15 -> 0.17 | AM15: =10*(AB15/1000) -> 0.1 | AN15: =SUM(AI15:AM15) -> 0.78 | AO15: =AG15*AN15*AH15 -> 37.44 | AP15: =PI()*(AB15/1000)^2*0.25*1*7850 -> 0.61653756 | AQ15: =AO15*AP15 -> 23.083166 | AV15: Top Bars | AW15: 16 | AX15: 0 | AY15: 0.25 | AZ15: 0.82 | BA15: 2.93 | BB15: 6 | BC15: 1 | BD15: =BA15 -> 2.93 | BI15: =SUM(BD15:BH15) -> 2.93 | BJ15: =BB15*BI15*BC15 -> 17.58 | BK15: =PI()*(AW15/1000)^2*0.25*1*7850 -> 1.5783361 | BL15: =BJ15*BK15 -> 27.74715 | BP15: FF TO FF | BQ15: Vertical | BR15: 16 | BS15: 150 | BT15: =K49 -> 4.1 | BU15: 0.25 | BV15: 2.35 | BW15: 4 | BX15: 4 | BY15: =BT15 -> 4.1 | BZ15: 0.8 | CD15: =SUM(BY15:CC15) -> 4.9 | CE15: =BW15*CD15*BX15 -> 78.4 | CF15: =PI()*(BR15/1000)^2*0.25*1*7850 -> 1.5783361 | CG15: =CE15*CF15 -> 123.74155
F16: Column Ties | G16: 10 | H16: 200 | I16: 0.8 | J16: 0.25 | K16: 4.5 | L16: =ROUND((K16/(H16/1000))+1,0) -> 24 | M16: 1 | N16: =Q16 -> 0.17 | O16: =J16-0.04*2 -> 0.17 | P16: =N16 -> 0.17 | Q16: =O16 -> 0.17 | R16: =10*(G16/1000) -> 0.1 | S16: =SUM(N16:R16) -> 0.78 | T16: =L16*S16*M16 -> 18.72 | U16: =PI()*(G16/1000)^2*0.25*1*7850 -> 0.61653756 | V16: =T16*U16 -> 11.541583 | AA16: Column Ties Main Bars | AB16: 10 | AC16: 200 | AD16: 1.3 | AE16: 0.25 | AF16: 4.5 | AG16: =ROUND((AF16/(AC16/1000))+1,0) -> 24 | AH16: 1 | AI16: =AD16-0.04*2 -> 1.22 | AJ16: =AE16-0.04*2 -> 0.17 | AK16: =AI16 -> 1.22 | AL16: =AJ16 -> 0.17 | AM16: =10*(AB16/1000) -> 0.1 | AN16: =SUM(AI16:AM16) -> 2.88 | AO16: =AG16*AN16*AH16 -> 69.12 | AP16: =PI()*(AB16/1000)^2*0.25*1*7850 -> 0.61653756 | AQ16: =AO16*AP16 -> 42.615076 | AV16: Links | AW16: 10 | AX16: 150 | AY16: 0.25 | AZ16: 0.82 | BA16: 2.93 | BB16: =ROUND((BA16/(AX16/1000))+1,0) -> 21 | BC16: 1 | BD16: =AY16-0.04*2 -> 0.17 | BE16: =AZ16-0.04*2 -> 0.74 | BF16: =BD16 -> 0.17 | BG16: =BE16 -> 0.74 | BH16: =(10*AW16)/1000 -> 0.1 | BI16: =SUM(BD16:BH16) -> 1.92 | BJ16: =BB16*BI16*BC16 -> 40.32 | BK16: =PI()*(AW16/1000)^2*0.25*1*7850 -> 0.61653756 | BL16: =BJ16*BK16 -> 24.858794 | BQ16: Vertical | BR16: 12 | BS16: 150 | BT16: =BT15 -> 4.1 | BV16: 37.2 | BW16: 60 | BX16: 1 | BY16: =BT16 -> 4.1 | BZ16: =BZ15 -> 0.8 | CD16: =SUM(BY16:CC16) -> 4.9 | CE16: =BW16*CD16*BX16 -> 294 | CF16: =PI()*(BR16/1000)^2*0.25*1*7850 -> 0.88781408 | CG16: =CE16*CF16 -> 261.01734 | CI16: SUMMARY
D17: C4 | E17: GF TO FF | F17: Vertical Bars | G17: 16 | H17: as shown | I17: 0.6 | J17: 0.25 | K17: 4.5 | L17: 10 | M17: 1 | N17: =K17 -> 4.5 | O17: 0.6 | S17: =SUM(N17:R17) -> 5.1 | T17: =L17*S17*M17 -> 51 | U17: =PI()*(G17/1000)^2*0.25*1*7850 -> 1.5783361 | V17: =T17*U17 -> 80.495144 | AA17: C Bars Intermediatte | AB17: 10 | AC17: 200 | AD17: 0.55 | AE17: 0.3 | AF17: 4.5 | AG17: =ROUND((AF17/(AC17/1000))+1,0) -> 24 | AH17: 2 | AI17: 0.1 | AJ17: =AE17-0.04*2 -> 0.22 | AK17: 0.1 | AN17: =SUM(AI17:AM17) -> 0.42 | AO17: =AG17*AN17*AH17 -> 20.16 | AP17: =PI()*(AB17/1000)^2*0.25*1*7850 -> 0.61653756 | AQ17: =AO17*AP17 -> 12.429397 | AV17: Side Bars | AW17: 12 | AX17: 0 | AY17: 0.4 | AZ17: 0.25 | BA17: =BA16 -> 2.93 | BB17: 2 | BC17: 1 | BD17: =BA17 -> 2.93 | BI17: =SUM(BD17:BH17) -> 2.93 | BJ17: =BB17*BI17*BC17 -> 5.86 | BK17: =PI()*(AW17/1000)^2*0.25*1*7850 -> 0.88781408 | BL17: =BJ17*BK17 -> 5.2025905 | BQ17: Vertical | BR17: 12 | BS17: 200 | BT17: =BT16 -> 4.1 | BV17: 37.2 | BW17: 0 | BX17: 1 | BY17: =BT17 -> 4.1 | BZ17: =BZ16 -> 0.8 | CD17: =SUM(BY17:CC17) -> 4.9 | CE17: =BW17*CD17*BX17 -> 0 | CF17: =PI()*(BR17/1000)^2*0.25*1*7850 -> 0.88781408 | CG17: =CE17*CF17 -> 0 | CI17: SUSPENDED SLAB | CJ17: WEIGHT | CK17: AREA | CL17: Total Weight | CP17: =7*9.5 -> 66.5
F18: Column Ties | G18: 10 | H18: 200 | I18: 0.6 | J18: 0.25 | K18: 4.5 | L18: =ROUND((K18/(H18/1000))+1,0) -> 24 | M18: 1 | N18: =I18-0.04*2 -> 0.52 | O18: =J18-0.04*2 -> 0.17 | P18: =N18 -> 0.52 | Q18: =O18 -> 0.17 | R18: =10*(G18/1000) -> 0.1 | S18: =SUM(N18:R18) -> 1.48 | T18: =L18*S18*M18 -> 35.52 | U18: =PI()*(G18/1000)^2*0.25*1*7850 -> 0.61653756 | V18: =T18*U18 -> 21.899414 | Y18: W3 | Z18: GF TO FF | AA18: Main Vertical Bars | AB18: 16 | AC18: as shown | AF18: 4.5 | AG18: 8 | AH18: 2 | AI18: =AF18 -> 4.5 | AJ18: =16*(AB18/1000) -> 0.256 | AN18: =SUM(AI18:AM18) -> 4.756 | AO18: =AG18*AN18*AH18 -> 76.096 | AP18: =PI()*(AB18/1000)^2*0.25*1*7850 -> 1.5783361 | AQ18: =AO18*AP18 -> 120.10507 | AT18: GB-4 | AU18: Grade Beam | AV18: Bottom Bars | AW18: 16 | AX18: 0 | AY18: 0.3 | AZ18: 0.6 | BA18: 4.95 | BB18: 2 | BC18: 1 | BD18: =BA18 -> 4.95 | BI18: =SUM(BD18:BH18) -> 4.95 | BJ18: =BB18*BI18*BC18 -> 9.9 | BK18: =PI()*(AW18/1000)^2*0.25*1*7850 -> 1.5783361 | BL18: =BJ18*BK18 -> 15.625528 | BQ18: Vertical | BR18: 16 | BS18: 150 | BT18: =BT17 -> 4.1 | BV18: 37.2 | BW18: 0 | BX18: 2 | BY18: =BT18 -> 4.1 | BZ18: =BZ17 -> 0.8 | CD18: =SUM(BY18:CC18) -> 4.9 | CE18: =BW18*CD18*BX18 -> 0 | CF18: =PI()*(BR18/1000)^2*0.25*1*7850 -> 1.5783361 | CG18: =CE18*CF18 -> 0 | CI18: SUSPENDED SLAB FF | CJ18: =SUM(DA6:DA9)/58.73 -> 22.766014 | CK18: =562.6+34.3 -> 596.9 | CL18: =CJ18*CK18 -> 13589.034
F19: Column Ties | G19: 10 | H19: 200 | I19: 0.6 | J19: 0.25 | K19: 4.5 | L19: =ROUND((K19/(H19/1000))+1,0) -> 24 | M19: 1 | N19: =10*(G19/1000) -> 0.1 | O19: =J19-0.04*2 -> 0.17 | P19: =N19 -> 0.1 | S19: =SUM(N19:R19) -> 0.37 | T19: =L19*S19*M19 -> 8.88 | U19: =PI()*(G19/1000)^2*0.25*1*7850 -> 0.61653756 | V19: =T19*U19 -> 5.4748535 | AA19: Intermediate Vertical Bars | AB19: 12 | AC19: as shown | AF19: 4.5 | AG19: 10 | AH19: 1 | AI19: =AF19 -> 4.5 | AJ19: =16*(AB19/1000) -> 0.192 | AN19: =SUM(AI19:AM19) -> 4.692 | AO19: =AG19*AN19*AH19 -> 46.92 | AP19: =PI()*(AB19/1000)^2*0.25*1*7850 -> 0.88781408 | AQ19: =AO19*AP19 -> 41.656237 | AV19: Top Bars | AW19: 16 | AX19: 0 | AY19: =AY18 -> 0.3 | AZ19: =AZ18 -> 0.6 | BA19: 4.95 | BB19: 6 | BC19: 1 | BD19: =BA19 -> 4.95 | BI19: =SUM(BD19:BH19) -> 4.95 | BJ19: =BB19*BI19*BC19 -> 29.7 | BK19: =PI()*(AW19/1000)^2*0.25*1*7850 -> 1.5783361 | BL19: =BJ19*BK19 -> 46.876584 | BQ19: Link | BR19: 10 | BS19: 150 | BT19: =BT18 -> 4.1 | BU19: 0.25 | BV19: 2.35 | BW19: =ROUND((BT19/(BS19/1000))+1,0) -> 28 | BX19: 1 | BY19: =BV19-0.05*2 -> 2.25 | BZ19: =BU19-0.05*2 -> 0.15 | CA19: =BY19 -> 2.25 | CB19: =BZ19 -> 0.15 | CD19: =SUM(BY19:CC19) -> 4.8 | CE19: =BW19*CD19*BX19 -> 134.4 | CF19: =PI()*(BR19/1000)^2*0.25*1*7850 -> 0.61653756 | CG19: =CE19*CF19 -> 82.862648 | CI19: SUSPENDED SLAB RF | CJ19: =CJ18 -> 22.766014 | CK19: =181.1+145+199 -> 525.1 | CL19: =CJ19*CK19 -> 11954.434
D20: C4* | E20: GF TO FF | F20: Vertical Bars | G20: 16 | H20: as shown | I20: 0.6 | J20: 0.25 | K20: 4.5 | L20: 10 | M20: 1 | N20: =K20 -> 4.5 | O20: 0.6 | S20: =SUM(N20:R20) -> 5.1 | T20: =L20*S20*M20 -> 51 | U20: =PI()*(G20/1000)^2*0.25*1*7850 -> 1.5783361 | V20: =T20*U20 -> 80.495144 | AA20: Column Ties Main Bars | AB20: 10 | AC20: 200 | AD20: 1.3 | AE20: 0.25 | AF20: 4.5 | AG20: =ROUND((AF20/(AC20/1000))+1,0) -> 24 | AH20: 1 | AI20: =AD20-0.04*2 -> 1.22 | AJ20: =AE20-0.04*2 -> 0.17 | AK20: =AI20 -> 1.22 | AL20: =AJ20 -> 0.17 | AM20: =10*(AB20/1000) -> 0.1 | AN20: =SUM(AI20:AM20) -> 2.88 | AO20: =AG20*AN20*AH20 -> 69.12 | AP20: =PI()*(AB20/1000)^2*0.25*1*7850 -> 0.61653756 | AQ20: =AO20*AP20 -> 42.615076 | AV20: Links | AW20: 10 | AX20: 250 | AY20: =AY19 -> 0.3 | AZ20: =AZ19 -> 0.6 | BA20: 4.95 | BB20: =ROUND((BA20/(AX20/1000))+1,0) -> 21 | BC20: 1 | BD20: =AY20-0.04*2 -> 0.22 | BE20: =AZ20-0.04*2 -> 0.52 | BF20: =BD20 -> 0.22 | BG20: =BE20 -> 0.52 | BH20: =(10*AW20)/1000 -> 0.1 | BI20: =SUM(BD20:BH20) -> 1.58 | BJ20: =BB20*BI20*BC20 -> 33.18 | BK20: =PI()*(AW20/1000)^2*0.25*1*7850 -> 0.61653756 | BL20: =BJ20*BK20 -> 20.456716 | BQ20: Link | BR20: 10 | BS20: 150 | BT20: =BT19 -> 4.1 | BU20: 0.25 | BV20: 2.125 | BW20: =ROUND((BT20/(BS20/1000))+1,0) -> 28 | BX20: 2 | BY20: =BV20-0.05*2 -> 2.025 | BZ20: =BU20-0.05*2 -> 0.15 | CA20: =BY20 -> 2.025 | CB20: =BZ20 -> 0.15 | CD20: =SUM(BY20:CC20) -> 4.35 | CE20: =BW20*CD20*BX20 -> 243.6 | CF20: =PI()*(BR20/1000)^2*0.25*1*7850 -> 0.61653756 | CG20: =CE20*CF20 -> 150.18855 | CI20: SUSPENDED SLAB URF | CJ20: =CJ19 -> 22.766014 | CK20: 126.7 | CL20: =CJ20*CK20 -> 2884.454
F21: Column Ties | G21: 10 | H21: 200 | I21: 0.6 | J21: 0.25 | K21: 4.5 | L21: =ROUND((K21/(H21/1000))+1,0) -> 24 | M21: 1 | N21: =I21-0.04*2 -> 0.52 | O21: =J21-0.04*2 -> 0.17 | P21: =N21 -> 0.52 | Q21: =O21 -> 0.17 | R21: =10*(G21/1000) -> 0.1 | S21: =SUM(N21:R21) -> 1.48 | T21: =L21*S21*M21 -> 35.52 | U21: =PI()*(G21/1000)^2*0.25*1*7850 -> 0.61653756 | V21: =T21*U21 -> 21.899414 | AA21: Column Ties Main Bars | AB21: 10 | AC21: 200 | AD21: 0.25 | AE21: 0.25 | AF21: 4.5 | AG21: =ROUND((AF21/(AC21/1000))+1,0) -> 24 | AH21: 2 | AI21: =AD21-0.04 -> 0.21 | AJ21: =AE21-0.04*2 -> 0.17 | AK21: =AI21 -> 0.21 | AL21: =AJ21 -> 0.17 | AM21: =10*(AB21/1000) -> 0.1 | AN21: =SUM(AI21:AM21) -> 0.86 | AO21: =AG21*AN21*AH21 -> 41.28 | AP21: =PI()*(AB21/1000)^2*0.25*1*7850 -> 0.61653756 | AQ21: =AO21*AP21 -> 25.45067 | AV21: Side Bars | AW21: 12 | AX21: =AX19 -> 0 | AY21: 0.4 | AZ21: 0.25 | BA21: =BA20 -> 4.95 | BB21: 2 | BC21: 1 | BD21: =BA21 -> 4.95 | BI21: =SUM(BD21:BH21) -> 4.95 | BJ21: =BB21*BI21*BC21 -> 9.9 | BK21: =PI()*(AW21/1000)^2*0.25*1*7850 -> 0.88781408 | BL21: =BJ21*BK21 -> 8.7893594 | BQ21: Link 1 | BR21: 12 | BS21: 150 | BT21: =BT20 -> 4.1 | BU21: 0.25 | BV21: 2.125 | BW21: 0 | BX21: 4 | BY21: 0.67 | BZ21: =BU21-0.05*2 -> 0.15 | CA21: =BY21 -> 0.67 | CB21: =BZ21 -> 0.15 | CD21: =SUM(BY21:CC21) -> 1.64 | CE21: =BW21*CD21*BX21 -> 0 | CF21: =PI()*(BR21/1000)^2*0.25*1*7850 -> 0.88781408 | CG21: =CE21*CF21 -> 0 | CI21: WALL | CL21: =SUM(CL18:CL19) -> 25543.468
F22: Column Ties | G22: 10 | H22: 200 | I22: 0.6 | J22: 0.25 | K22: 4.5 | L22: =ROUND((K22/(H22/1000))+1,0) -> 24 | M22: 1 | N22: =10*(G22/1000) -> 0.1 | O22: =J22-0.04*2 -> 0.17 | P22: =N22 -> 0.1 | S22: =SUM(N22:R22) -> 0.37 | T22: =L22*S22*M22 -> 8.88 | U22: =PI()*(G22/1000)^2*0.25*1*7850 -> 0.61653756 | V22: =T22*U22 -> 5.4748535 | AA22: C Bars Intermediatte | AB22: 10 | AC22: 200 | AD22: 0.55 | AE22: 0.3 | AF22: 4.5 | AG22: =ROUND((AF22/(AC22/1000))+1,0) -> 24 | AH22: 2 | AI22: 0.1 | AJ22: =AE22-0.04*2 -> 0.22 | AK22: 0.1 | AN22: =SUM(AI22:AM22) -> 0.42 | AO22: =AG22*AN22*AH22 -> 20.16 | AP22: =PI()*(AB22/1000)^2*0.25*1*7850 -> 0.61653756 | AQ22: =AO22*AP22 -> 12.429397 | AT22: GB-5 | AU22: Grade Beam | AV22: Bottom Bars | AW22: 16 | AX22: 0 | AY22: 0.25 | AZ22: 0.6 | BA22: 2.93 | BB22: 2 | BC22: 1 | BD22: =BA22 -> 2.93 | BI22: =SUM(BD22:BH22) -> 2.93 | BJ22: =BB22*BI22*BC22 -> 5.86 | BK22: =PI()*(AW22/1000)^2*0.25*1*7850 -> 1.5783361 | BL22: =BJ22*BK22 -> 9.2490498 | BQ22: Link 2 | BR22: 12 | BS22: 150 | BT22: =BT21 -> 4.1 | BU22: 0.25 | BV22: 2.125 | BW22: 0 | BX22: 2 | BY22: 0.5 | BZ22: =BU22-0.05*2 -> 0.15 | CA22: =BY22 -> 0.5 | CB22: =BZ22 -> 0.15 | CD22: =SUM(BY22:CC22) -> 1.3 | CE22: =BW22*CD22*BX22 -> 0 | CF22: =PI()*(BR22/1000)^2*0.25*1*7850 -> 0.88781408 | CG22: =CE22*CF22 -> 0
D23: C4** | E23: GF TO FF | F23: Vertical Bars | G23: 16 | H23: as shown | I23: 0.6 | J23: 0.25 | K23: 4.5 | L23: 10 | M23: 1 | N23: =K23 -> 4.5 | O23: 0.6 | S23: =SUM(N23:R23) -> 5.1 | T23: =L23*S23*M23 -> 51 | U23: =PI()*(G23/1000)^2*0.25*1*7850 -> 1.5783361 | V23: =T23*U23 -> 80.495144 | Y23: GF TO FF | AV23: Top Bars | AW23: 16 | AX23: 0 | AY23: 0.25 | AZ23: =AZ22 -> 0.6 | BA23: 2.93 | BB23: 6 | BC23: 1 | BD23: =BA23 -> 2.93 | BI23: =SUM(BD23:BH23) -> 2.93 | BJ23: =BB23*BI23*BC23 -> 17.58 | BK23: =PI()*(AW23/1000)^2*0.25*1*7850 -> 1.5783361 | BL23: =BJ23*BK23 -> 27.74715 | BQ23: C- Bars | BR23: 8 | BS23: 200 | BT23: =BT22 -> 4.1 | BU23: 0.25 | BV23: 2.125 | BW23: =ROUND((BT23/(BS23/1000))+1,0) -> 22 | BX23: 14 | BY23: 0.17 | BZ23: =0.1 -> 0.1 | CB23: =BZ23 -> 0.1 | CD23: =SUM(BY23:CC23) -> 0.37 | CE23: =BW23*CD23*BX23 -> 113.96 | CF23: =PI()*(BR23/1000)^2*0.25*1*7850 -> 0.39458404 | CG23: =CE23*CF23 -> 44.966797
F24: Column Ties | G24: 10 | H24: 200 | I24: 0.6 | J24: 0.25 | K24: 4.5 | L24: =ROUND((K24/(H24/1000))+1,0) -> 24 | M24: 1 | N24: =I24-0.04*2 -> 0.52 | O24: =J24-0.04*2 -> 0.17 | P24: =N24 -> 0.52 | Q24: =O24 -> 0.17 | R24: =10*(G24/1000) -> 0.1 | S24: =SUM(N24:R24) -> 1.48 | T24: =L24*S24*M24 -> 35.52 | U24: =PI()*(G24/1000)^2*0.25*1*7850 -> 0.61653756 | V24: =T24*U24 -> 21.899414 | Y24: W1 | Z24: FF TO RF | AA24: Main Vertical Bars | AB24: 16 | AC24: as shown | AF24: =K49 -> 4.1 | AG24: 8 | AH24: 2 | AI24: =AF24 -> 4.1 | AJ24: =16*(AB24/1000) -> 0.256 | AN24: =SUM(AI24:AM24) -> 4.356 | AO24: =AG24*AN24*AH24 -> 69.696 | AP24: =PI()*(AB24/1000)^2*0.25*1*7850 -> 1.5783361 | AQ24: =AO24*AP24 -> 110.00372 | AV24: Links | AW24: 10 | AX24: 150 | AY24: 0.25 | AZ24: =AZ23 -> 0.6 | BA24: 2.93 | BB24: =ROUND((BA24/(AX24/1000))+1,0) -> 21 | BC24: 1 | BD24: =AY24-0.04*2 -> 0.17 | BE24: =AZ24-0.04*2 -> 0.52 | BF24: =BD24 -> 0.17 | BG24: =BE24 -> 0.52 | BH24: =(10*AW24)/1000 -> 0.1 | BI24: =SUM(BD24:BH24) -> 1.48 | BJ24: =BB24*BI24*BC24 -> 31.08 | BK24: =PI()*(AW24/1000)^2*0.25*1*7850 -> 0.61653756 | BL24: =BJ24*BK24 -> 19.161987 | BP24: FF TO FF | BQ24: Vertical | BR24: 16 | BS24: 150 | BT24: =K105 -> 3.77 | BU24: 0.25 | BV24: 2.35 | BW24: 4 | BX24: 4 | BY24: =BT24 -> 3.77 | BZ24: 0.6 | CD24: =SUM(BY24:CC24) -> 4.37 | CE24: =BW24*CD24*BX24 -> 69.92 | CF24: =PI()*(BR24/1000)^2*0.25*1*7850 -> 1.5783361 | CG24: =CE24*CF24 -> 110.35726
F25: Column Ties | G25: 10 | H25: 200 | I25: 0.6 | J25: 0.25 | K25: 4.5 | L25: =ROUND((K25/(H25/1000))+1,0) -> 24 | M25: 1 | N25: =10*(G25/1000) -> 0.1 | O25: =J25-0.04*2 -> 0.17 | P25: =N25 -> 0.1 | S25: =SUM(N25:R25) -> 0.37 | T25: =L25*S25*M25 -> 8.88 | U25: =PI()*(G25/1000)^2*0.25*1*7850 -> 0.61653756 | V25: =T25*U25 -> 5.4748535 | AA25: Intermediate Vertical Bars | AB25: 12 | AC25: 200 | AF25: =AF24 -> 4.1 | AG25: 26 | AH25: 1 | AI25: =AF25 -> 4.1 | AJ25: =16*(AB25/1000) -> 0.192 | AN25: =SUM(AI25:AM25) -> 4.292 | AO25: =AG25*AN25*AH25 -> 111.592 | AP25: =PI()*(AB25/1000)^2*0.25*1*7850 -> 0.88781408 | AQ25: =AO25*AP25 -> 99.072949 | AV25: Side Bars | AW25: 12 | AX25: 0 | AY25: 0.4 | AZ25: 0.25 | BA25: =BA24 -> 2.93 | BB25: 2 | BC25: 1 | BD25: =BA25 -> 2.93 | BI25: =SUM(BD25:BH25) -> 2.93 | BJ25: =BB25*BI25*BC25 -> 5.86 | BK25: =PI()*(AW25/1000)^2*0.25*1*7850 -> 0.88781408 | BL25: =BJ25*BK25 -> 5.2025905 | BQ25: Vertical | BR25: 12 | BS25: 150 | BT25: =BT24 -> 3.77 | BV25: 37.2 | BW25: 60 | BX25: 1 | BY25: =BT25 -> 3.77 | BZ25: =BZ24 -> 0.6 | CD25: =SUM(BY25:CC25) -> 4.37 | CE25: =BW25*CD25*BX25 -> 262.2 | CF25: =PI()*(BR25/1000)^2*0.25*1*7850 -> 0.88781408 | CG25: =CE25*CF25 -> 232.78485
D26: C5 | E26: GF TO FF | F26: Vertical Bars | G26: 16 | H26: as shown | I26: 0.6 | J26: 0.2 | K26: 4.5 | L26: 10 | M26: 1 | N26: =K26 -> 4.5 | O26: 0.6 | S26: =SUM(N26:R26) -> 5.1 | T26: =L26*S26*M26 -> 51 | U26: =PI()*(G26/1000)^2*0.25*1*7850 -> 1.5783361 | V26: =T26*U26 -> 80.495144 | AA26: Column Ties Main Bars | AB26: 10 | AC26: 200 | AD26: 2.5 | AE26: 0.3 | AF26: =AF25 -> 4.1 | AG26: =ROUND((AF26/(AC26/1000))+1,0) -> 22 | AH26: 1 | AI26: =AD26-0.04*2 -> 2.42 | AJ26: =AE26-0.04*2 -> 0.22 | AK26: =AI26 -> 2.42 | AL26: =AJ26 -> 0.22 | AM26: =10*(AB26/1000) -> 0.1 | AN26: =SUM(AI26:AM26) -> 5.38 | AO26: =AG26*AN26*AH26 -> 118.36 | AP26: =PI()*(AB26/1000)^2*0.25*1*7850 -> 0.61653756 | AQ26: =AO26*AP26 -> 72.973385 | AT26: GB-6 | AU26: Grade Beam | AV26: Bottom Bars | AW26: 16 | AX26: 0 | AY26: 0.25 | AZ26: 0.82 | BA26: 3.49 | BB26: 2 | BC26: 1 | BD26: =BA26 -> 3.49 | BI26: =SUM(BD26:BH26) -> 3.49 | BJ26: =BB26*BI26*BC26 -> 6.98 | BK26: =PI()*(AW26/1000)^2*0.25*1*7850 -> 1.5783361 | BL26: =BJ26*BK26 -> 11.016786 | BQ26: Vertical | BR26: 12 | BS26: 200 | BT26: =BT25 -> 3.77 | BV26: 37.2 | BW26: 0 | BX26: 1 | BY26: =BT26 -> 3.77 | BZ26: =BZ25 -> 0.6 | CD26: =SUM(BY26:CC26) -> 4.37 | CE26: =BW26*CD26*BX26 -> 0 | CF26: =PI()*(BR26/1000)^2*0.25*1*7850 -> 0.88781408 | CG26: =CE26*CF26 -> 0
F27: Column Ties | G27: 10 | H27: 200 | I27: 0.6 | J27: 0.2 | K27: 4.5 | L27: =ROUND((K27/(H27/1000))+1,0) -> 24 | M27: 1 | N27: =I27-0.04*2 -> 0.52 | O27: =J27-0.04*2 -> 0.12 | P27: =N27 -> 0.52 | Q27: =O27 -> 0.12 | R27: =10*(G27/1000) -> 0.1 | S27: =SUM(N27:R27) -> 1.38 | T27: =L27*S27*M27 -> 33.12 | U27: =PI()*(G27/1000)^2*0.25*1*7850 -> 0.61653756 | V27: =T27*U27 -> 20.419724 | AA27: Column Ties Main Bars | AB27: 10 | AC27: 200 | AD27: 0.55 | AE27: 0.3 | AF27: =AF26 -> 4.1 | AG27: =ROUND((AF27/(AC27/1000))+1,0) -> 22 | AH27: 2 | AI27: =AL27 -> 0.22 | AJ27: =AE27-0.04*2 -> 0.22 | AK27: =AI27 -> 0.22 | AL27: =AJ27 -> 0.22 | AM27: =10*(AB27/1000) -> 0.1 | AN27: =SUM(AI27:AM27) -> 0.98 | AO27: =AG27*AN27*AH27 -> 43.12 | AP27: =PI()*(AB27/1000)^2*0.25*1*7850 -> 0.61653756 | AQ27: =AO27*AP27 -> 26.5851 | AV27: Top Bars | AW27: 16 | AX27: 0 | AY27: =AY26 -> 0.25 | AZ27: =AZ26 -> 0.82 | BA27: 3.49 | BB27: 6 | BC27: 1 | BD27: =BA27 -> 3.49 | BI27: =SUM(BD27:BH27) -> 3.49 | BJ27: =BB27*BI27*BC27 -> 20.94 | BK27: =PI()*(AW27/1000)^2*0.25*1*7850 -> 1.5783361 | BL27: =BJ27*BK27 -> 33.050359 | BQ27: Vertical | BR27: 16 | BS27: 150 | BT27: =BT26 -> 3.77 | BV27: 37.2 | BW27: 0 | BX27: 2 | BY27: =BT27 -> 3.77 | BZ27: =BZ26 -> 0.6 | CD27: =SUM(BY27:CC27) -> 4.37 | CE27: =BW27*CD27*BX27 -> 0 | CF27: =PI()*(BR27/1000)^2*0.25*1*7850 -> 1.5783361 | CG27: =CE27*CF27 -> 0
F28: Column Ties | G28: 10 | H28: 200 | I28: 0.6 | J28: 0.25 | K28: 4.5 | L28: =ROUND((K28/(H28/1000))+1,0) -> 24 | M28: 1 | N28: =10*(G28/1000) -> 0.1 | O28: =J28-0.04*2 -> 0.17 | P28: =N28 -> 0.1 | S28: =SUM(N28:R28) -> 0.37 | T28: =L28*S28*M28 -> 8.88 | U28: =PI()*(G28/1000)^2*0.25*1*7850 -> 0.61653756 | V28: =T28*U28 -> 5.4748535 | AA28: C Bar Main Bars | AB28: 10 | AC28: 200 | AD28: 0.55 | AE28: 0.3 | AF28: =AF27 -> 4.1 | AG28: 0 | AH28: 2 | AI28: 0.1 | AJ28: =AE28-0.04*2 -> 0.22 | AK28: 0.1 | AN28: =SUM(AI28:AM28) -> 0.42 | AO28: =AG28*AN28*AH28 -> 0 | AP28: =PI()*(AB28/1000)^2*0.25*1*7850 -> 0.61653756 | AQ28: =AO28*AP28 -> 0 | AV28: Links | AW28: 10 | AX28: 250 | AY28: =AY27 -> 0.25 | AZ28: =AZ27 -> 0.82 | BA28: 3.49 | BB28: =ROUND((BA28/(AX28/1000))+1,0) -> 15 | BC28: 1 | BD28: =AY28-0.04*2 -> 0.17 | BE28: =AZ28-0.04*2 -> 0.74 | BF28: =BD28 -> 0.17 | BG28: =BE28 -> 0.74 | BH28: =(10*AW28)/1000 -> 0.1 | BI28: =SUM(BD28:BH28) -> 1.92 | BJ28: =BB28*BI28*BC28 -> 28.8 | BK28: =PI()*(AW28/1000)^2*0.25*1*7850 -> 0.61653756 | BL28: =BJ28*BK28 -> 17.756282 | BQ28: Link | BR28: 10 | BS28: 150 | BT28: =BT27 -> 3.77 | BU28: 0.25 | BV28: 2.35 | BW28: =ROUND((BT28/(BS28/1000))+1,0) -> 26 | BX28: 1 | BY28: =BV28-0.05*2 -> 2.25 | BZ28: =BU28-0.05*2 -> 0.15 | CA28: =BY28 -> 2.25 | CB28: =BZ28 -> 0.15 | CD28: =SUM(BY28:CC28) -> 4.8 | CE28: =BW28*CD28*BX28 -> 124.8 | CF28: =PI()*(BR28/1000)^2*0.25*1*7850 -> 0.61653756 | CG28: =CE28*CF28 -> 76.943887
D29: C6 | E29: GF TO FF | F29: Vertical Bars | G29: 25 | H29: as shown | I29: 1 | J29: 0.25 | K29: 4.5 | L29: 20 | M29: 1 | N29: =K29 -> 4.5 | P29: 0.6 | S29: =SUM(N29:R29) -> 5.1 | T29: =L29*S29*M29 -> 102 | U29: =PI()*(G29/1000)^2*0.25*1*7850 -> 3.8533597 | V29: =T29*U29 -> 393.04269 | AA29: C Bars Intermediatte | AB29: 10 | AC29: 200 | AD29: 0.55 | AE29: 0.3 | AF29: =AF28 -> 4.1 | AG29: =ROUND((AF29/(AC29/1000))+1,0) -> 22 | AH29: 3 | AI29: 0.1 | AJ29: =AE29-0.04*2 -> 0.22 | AK29: 0.1 | AN29: =SUM(AI29:AM29) -> 0.42 | AO29: =AG29*AN29*AH29 -> 27.72 | AP29: =PI()*(AB29/1000)^2*0.25*1*7850 -> 0.61653756 | AQ29: =AO29*AP29 -> 17.090421 | AV29: Side Bars | AW29: 12 | AX29: =AX27 -> 0 | AY29: 0.4 | AZ29: 0.25 | BA29: =BA28 -> 3.49 | BB29: 2 | BC29: 1 | BD29: =BA29 -> 3.49 | BI29: =SUM(BD29:BH29) -> 3.49 | BJ29: =BB29*BI29*BC29 -> 6.98 | BK29: =PI()*(AW29/1000)^2*0.25*1*7850 -> 0.88781408 | BL29: =BJ29*BK29 -> 6.1969423 | BQ29: Link | BR29: 10 | BS29: 150 | BT29: =BT28 -> 3.77 | BU29: 0.25 | BV29: 2.125 | BW29: =ROUND((BT29/(BS29/1000))+1,0) -> 26 | BX29: 2 | BY29: =BV29-0.05*2 -> 2.025 | BZ29: =BU29-0.05*2 -> 0.15 | CA29: =BY29 -> 2.025 | CB29: =BZ29 -> 0.15 | CD29: =SUM(BY29:CC29) -> 4.35 | CE29: =BW29*CD29*BX29 -> 226.2 | CF29: =PI()*(BR29/1000)^2*0.25*1*7850 -> 0.61653756 | CG29: =CE29*CF29 -> 139.4608
F30: Column Ties | G30: 10 | H30: 200 | I30: 1 | J30: 0.25 | K30: 4.5 | L30: =ROUND((K30/(H30/1000))+1,0) -> 24 | M30: 1 | N30: =I30-0.04*2 -> 0.92 | O30: =J30-0.04*2 -> 0.17 | P30: =N30 -> 0.92 | Q30: =O30 -> 0.17 | R30: =10*(G30/1000) -> 0.1 | S30: =SUM(N30:R30) -> 2.28 | T30: =L30*S30*M30 -> 54.72 | U30: =PI()*(G30/1000)^2*0.25*1*7850 -> 0.61653756 | V30: =T30*U30 -> 33.736935 | Y30: W2 | Z30: FF TO RF | AA30: Main Vertical Bars | AB30: 16 | AC30: as shown | AF30: =AF24 -> 4.1 | AG30: 4 | AH30: 2 | AI30: =AF30-0.075*2 -> 3.95 | AJ30: =16*(AB30/1000) -> 0.256 | AN30: =SUM(AI30:AM30) -> 4.206 | AO30: =AG30*AN30*AH30 -> 33.648 | AP30: =PI()*(AB30/1000)^2*0.25*1*7850 -> 1.5783361 | AQ30: =AO30*AP30 -> 53.107855 | AT30: GB-7 | AU30: Grade Beam | AV30: Bottom Bars | AW30: 16 | AX30: 0 | AY30: 0.25 | AZ30: 0.67 | BA30: 1.54 | BB30: 2 | BC30: 1 | BD30: =BA30 -> 1.54 | BI30: =SUM(BD30:BH30) -> 1.54 | BJ30: =BB30*BI30*BC30 -> 3.08 | BK30: =PI()*(AW30/1000)^2*0.25*1*7850 -> 1.5783361 | BL30: =BJ30*BK30 -> 4.8612753 | BQ30: Link 1 | BR30: 12 | BS30: 150 | BT30: =BT29 -> 3.77 | BU30: 0.25 | BV30: 2.125 | BW30: 0 | BX30: 4 | BY30: 0.67 | BZ30: =BU30-0.05*2 -> 0.15 | CA30: =BY30 -> 0.67 | CB30: =BZ30 -> 0.15 | CD30: =SUM(BY30:CC30) -> 1.64 | CE30: =BW30*CD30*BX30 -> 0 | CF30: =PI()*(BR30/1000)^2*0.25*1*7850 -> 0.88781408 | CG30: =CE30*CF30 -> 0
F31: Column Ties | G31: 10 | H31: 200 | I31: 0.6 | J31: 0.25 | K31: 4.5 | L31: =ROUND((K31/(H31/1000))+1,0) -> 24 | M31: 2 | N31: =10*(G31/1000) -> 0.1 | O31: =J31-0.04*2 -> 0.17 | P31: =N31 -> 0.1 | S31: =SUM(N31:R31) -> 0.37 | T31: =L31*S31*M31 -> 17.76 | U31: =PI()*(G31/1000)^2*0.25*1*7850 -> 0.61653756 | V31: =T31*U31 -> 10.949707 | AA31: Intermediate Vertical Bars | AB31: 12 | AC31: as shown | AF31: =AF24 -> 4.1 | AG31: 10 | AH31: 1 | AI31: =AF31-0.075*2 -> 3.95 | AJ31: =16*(AB31/1000) -> 0.192 | AN31: =SUM(AI31:AM31) -> 4.142 | AO31: =AG31*AN31*AH31 -> 41.42 | AP31: =PI()*(AB31/1000)^2*0.25*1*7850 -> 0.88781408 | AQ31: =AO31*AP31 -> 36.773259 | AV31: Top Bars | AW31: 16 | AX31: 0 | AY31: 0.25 | AZ31: 0.67 | BA31: 1.54 | BB31: 6 | BC31: 1 | BD31: =BA31 -> 1.54 | BI31: =SUM(BD31:BH31) -> 1.54 | BJ31: =BB31*BI31*BC31 -> 9.24 | BK31: =PI()*(AW31/1000)^2*0.25*1*7850 -> 1.5783361 | BL31: =BJ31*BK31 -> 14.583826 | BQ31: Link 2 | BR31: 12 | BS31: 150 | BT31: =BT30 -> 3.77 | BU31: 0.25 | BV31: 2.125 | BW31: 0 | BX31: 2 | BY31: 0.5 | BZ31: =BU31-0.05*2 -> 0.15 | CA31: =BY31 -> 0.5 | CB31: =BZ31 -> 0.15 | CD31: =SUM(BY31:CC31) -> 1.3 | CE31: =BW31*CD31*BX31 -> 0 | CF31: =PI()*(BR31/1000)^2*0.25*1*7850 -> 0.88781408 | CG31: =CE31*CF31 -> 0
F32: Column Ties | G32: 10 | H32: 200 | I32: 0.6 | J32: 0.25 | K32: 4.5 | L32: =ROUND((K32/(H32/1000))+1,0) -> 24 | M32: 1 | N32: =Q32 -> 0.17 | O32: =J32-0.04*2 -> 0.17 | P32: =N32 -> 0.17 | Q32: =O32 -> 0.17 | R32: =10*(G32/1000) -> 0.1 | S32: =SUM(N32:R32) -> 0.78 | T32: =L32*S32*M32 -> 18.72 | U32: =PI()*(G32/1000)^2*0.25*1*7850 -> 0.61653756 | V32: =T32*U32 -> 11.541583 | AA32: Column Ties Main Bars | AB32: 10 | AC32: 200 | AF32: =AF24 -> 4.1 | AG32: =ROUND((AF32/(AC32/1000))+1,0) -> 22 | AH32: 2 | AI32: 0.17 | AJ32: 0.17 | AK32: =AI32 -> 0.17 | AL32: =AJ32 -> 0.17 | AM32: =10*(AB32/1000) -> 0.1 | AN32: =SUM(AI32:AM32) -> 0.78 | AO32: =AG32*AN32*AH32 -> 34.32 | AP32: =PI()*(AB32/1000)^2*0.25*1*7850 -> 0.61653756 | AQ32: =AO32*AP32 -> 21.159569 | AV32: Links | AW32: 10 | AX32: 150 | AY32: 0.25 | AZ32: 0.67 | BA32: 1.54 | BB32: =ROUND((BA32/(AX32/1000))+1,0) -> 11 | BC32: 1 | BD32: =AY32-0.04*2 -> 0.17 | BE32: =AZ32-0.04*2 -> 0.59 | BF32: =BD32 -> 0.17 | BG32: =BE32 -> 0.59 | BH32: =(10*AW32)/1000 -> 0.1 | BI32: =SUM(BD32:BH32) -> 1.62 | BJ32: =BB32*BI32*BC32 -> 17.82 | BK32: =PI()*(AW32/1000)^2*0.25*1*7850 -> 0.61653756 | BL32: =BJ32*BK32 -> 10.986699 | BQ32: C- Bars | BR32: 8 | BS32: 200 | BT32: =BT31 -> 3.77 | BU32: 0.25 | BV32: 2.125 | BW32: =ROUND((BT32/(BS32/1000))+1,0) -> 20 | BX32: 14 | BY32: 0.17 | BZ32: =0.1 -> 0.1 | CB32: =BZ32 -> 0.1 | CD32: =SUM(BY32:CC32) -> 0.37 | CE32: =BW32*CD32*BX32 -> 103.6 | CF32: =PI()*(BR32/1000)^2*0.25*1*7850 -> 0.39458404 | CG32: =CE32*CF32 -> 40.878906
D33: C6* | E33: GF TO FF | F33: Vertical Bars | G33: 25 | H33: as shown | I33: 1 | J33: 0.25 | K33: 4.5 | L33: 20 | M33: 1 | N33: =K33 -> 4.5 | S33: =SUM(N33:R33) -> 4.5 | T33: =L33*S33*M33 -> 90 | U33: =PI()*(G33/1000)^2*0.25*1*7850 -> 3.8533597 | V33: =T33*U33 -> 346.80238 | AA33: Column Ties Main Bars | AB33: 10 | AC33: 200 | AD33: 1.3 | AE33: 0.25 | AF33: =AF24 -> 4.1 | AG33: =ROUND((AF33/(AC33/1000))+1,0) -> 22 | AH33: 1 | AI33: =AD33-0.04*2 -> 1.22 | AJ33: =AE33-0.04*2 -> 0.17 | AK33: =AI33 -> 1.22 | AL33: =AJ33 -> 0.17 | AM33: =10*(AB33/1000) -> 0.1 | AN33: =SUM(AI33:AM33) -> 2.88 | AO33: =AG33*AN33*AH33 -> 63.36 | AP33: =PI()*(AB33/1000)^2*0.25*1*7850 -> 0.61653756 | AQ33: =AO33*AP33 -> 39.06382 | AV33: Side Bars | AW33: 12 | AX33: 0 | AY33: 0.4 | AZ33: 0.25 | BA33: =BA32 -> 1.54 | BB33: 2 | BC33: 1 | BD33: =BA33 -> 1.54 | BI33: =SUM(BD33:BH33) -> 1.54 | BJ33: =BB33*BI33*BC33 -> 3.08 | BK33: =PI()*(AW33/1000)^2*0.25*1*7850 -> 0.88781408 | BL33: =BJ33*BK33 -> 2.7344674
F34: Column Ties | G34: 10 | H34: 200 | I34: 1 | J34: 0.25 | K34: 4.5 | L34: =ROUND((K34/(H34/1000))+1,0) -> 24 | M34: 1 | N34: =I34-0.04*2 -> 0.92 | O34: =J34-0.04*2 -> 0.17 | P34: =N34 -> 0.92 | Q34: =O34 -> 0.17 | R34: =10*(G34/1000) -> 0.1 | S34: =SUM(N34:R34) -> 2.28 | T34: =L34*S34*M34 -> 54.72 | U34: =PI()*(G34/1000)^2*0.25*1*7850 -> 0.61653756 | V34: =T34*U34 -> 33.736935 | AA34: C Bars Intermediatte | AB34: 10 | AC34: 200 | AD34: 0.55 | AE34: 0.3 | AF34: =AF24 -> 4.1 | AG34: =ROUND((AF34/(AC34/1000))+1,0) -> 22 | AH34: 2 | AI34: 0.1 | AJ34: =AE34-0.04*2 -> 0.22 | AK34: 0.1 | AN34: =SUM(AI34:AM34) -> 0.42 | AO34: =AG34*AN34*AH34 -> 18.48 | AP34: =PI()*(AB34/1000)^2*0.25*1*7850 -> 0.61653756 | AQ34: =AO34*AP34 -> 11.393614 | AT34: B | AU34: Grade Beam | AV34: Bottom Bars | AW34: 16 | AX34: 0 | AY34: 0.2 | AZ34: 0.55 | BA34: 2.85 | BB34: 2 | BC34: 1 | BD34: =BA34 -> 2.85 | BI34: =SUM(BD34:BH34) -> 2.85 | BJ34: =BB34*BI34*BC34 -> 5.7 | BK34: =PI()*(AW34/1000)^2*0.25*1*7850 -> 1.5783361 | BL34: =BJ34*BK34 -> 8.9965161 | BO34: SUMMARY
F35: Column Ties | G35: 10 | H35: 200 | I35: 0.6 | J35: 0.25 | K35: 4.5 | L35: =ROUND((K35/(H35/1000))+1,0) -> 24 | M35: 2 | N35: =10*(G35/1000) -> 0.1 | O35: =J35-0.04*2 -> 0.17 | P35: =N35 -> 0.1 | S35: =SUM(N35:R35) -> 0.37 | T35: =L35*S35*M35 -> 17.76 | U35: =PI()*(G35/1000)^2*0.25*1*7850 -> 0.61653756 | V35: =T35*U35 -> 10.949707 | Y35: W3 | Z35: FF TO RF | AA35: Main Vertical Bars | AB35: 20 | AC35: as shown | AF35: =AF24 -> 4.1 | AG35: 8 | AH35: 2 | AI35: =AF35 -> 4.1 | AJ35: =16*(AB35/1000) -> 0.32 | AN35: =SUM(AI35:AM35) -> 4.42 | AO35: =AG35*AN35*AH35 -> 70.72 | AP35: =PI()*(AB35/1000)^2*0.25*1*7850 -> 2.4661502 | AQ35: =AO35*AP35 -> 174.40614 | AV35: Bottom Bars | AW35: 12 | AX35: 0 | AY35: =AY34 -> 0.2 | AZ35: =AZ34 -> 0.55 | BA35: 2.85 | BB35: 2 | BC35: 1 | BD35: =BA35 -> 2.85 | BI35: =SUM(BD35:BH35) -> 2.85 | BJ35: =BB35*BI35*BC35 -> 5.7 | BK35: =PI()*(AW35/1000)^2*0.25*1*7850 -> 0.88781408 | BL35: =BJ35*BK35 -> 5.0605403 | BO35: WATER TANK | BP35: WEIGHT | BQ35: LENGTH | BR35: Total Weight
F36: Column Ties | G36: 10 | H36: 200 | I36: 0.6 | J36: 0.25 | K36: 4.5 | L36: =ROUND((K36/(H36/1000))+1,0) -> 24 | M36: 1 | N36: =Q36 -> 0.17 | O36: =J36-0.04*2 -> 0.17 | P36: =N36 -> 0.17 | Q36: =O36 -> 0.17 | R36: =10*(G36/1000) -> 0.1 | S36: =SUM(N36:R36) -> 0.78 | T36: =L36*S36*M36 -> 18.72 | U36: =PI()*(G36/1000)^2*0.25*1*7850 -> 0.61653756 | V36: =T36*U36 -> 11.541583 | AA36: Intermediate Vertical Bars | AB36: 16 | AC36: as shown | AF36: =AF24 -> 4.1 | AG36: 10 | AH36: 1 | AI36: =AF36 -> 4.1 | AJ36: =16*(AB36/1000) -> 0.256 | AN36: =SUM(AI36:AM36) -> 4.356 | AO36: =AG36*AN36*AH36 -> 43.56 | AP36: =PI()*(AB36/1000)^2*0.25*1*7850 -> 1.5783361 | AQ36: =AO36*AP36 -> 68.752323 | AV36: Top Bars | AW36: 16 | AX36: 0 | AY36: =AY35 -> 0.2 | AZ36: =AZ35 -> 0.55 | BA36: 2.85 | BB36: 2 | BC36: 1 | BD36: =BA36 -> 2.85 | BI36: =SUM(BD36:BH36) -> 2.85 | BJ36: =BB36*BI36*BC36 -> 5.7 | BK36: =PI()*(AW36/1000)^2*0.25*1*7850 -> 1.5783361 | BL36: =BJ36*BK36 -> 8.9965161 | BO36: Lift Pit Wall | BP36: =SUM(CG6:CG32) -> 3324.5313 | BQ36: 1 | BR36: =BP36*BQ36 -> 3324.5313
D37: C11 | E37: GF TO FF | F37: Vertical Bars | G37: 16 | H37: as shown | I37: 0.6 | J37: 0.25 | K37: 4.5 | L37: 10 | M37: 1 | N37: =K37 -> 4.5 | O37: 0.6 | S37: =SUM(N37:R37) -> 5.1 | T37: =L37*S37*M37 -> 51 | U37: =PI()*(G37/1000)^2*0.25*1*7850 -> 1.5783361 | V37: =T37*U37 -> 80.495144 | AA37: Column Ties Main Bars | AB37: 10 | AC37: 200 | AD37: 1.3 | AE37: 0.25 | AF37: =AF24 -> 4.1 | AG37: =ROUND((AF37/(AC37/1000))+1,0) -> 22 | AH37: 1 | AI37: =AD37-0.04*2 -> 1.22 | AJ37: =AE37-0.04*2 -> 0.17 | AK37: =AI37 -> 1.22 | AL37: =AJ37 -> 0.17 | AM37: =10*(AB37/1000) -> 0.1 | AN37: =SUM(AI37:AM37) -> 2.88 | AO37: =AG37*AN37*AH37 -> 63.36 | AP37: =PI()*(AB37/1000)^2*0.25*1*7850 -> 0.61653756 | AQ37: =AO37*AP37 -> 39.06382 | AV37: Top Bars | AW37: 12 | AX37: 0 | AY37: =AY36 -> 0.2 | AZ37: =AZ36 -> 0.55 | BA37: 2.85 | BB37: 2 | BC37: 1 | BD37: =BA37 -> 2.85 | BI37: =SUM(BD37:BH37) -> 2.85 | BJ37: =BB37*BI37*BC37 -> 5.7 | BK37: =PI()*(AW37/1000)^2*0.25*1*7850 -> 0.88781408 | BL37: =BJ37*BK37 -> 5.0605403 | BO37: WALL | BR37: =SUM(BR36:BR36) -> 3324.5313
F38: Column Ties | G38: 10 | H38: 200 | I38: 0.6 | J38: 0.25 | K38: 4.5 | L38: =ROUND((K38/(H38/1000))+1,0) -> 24 | M38: 1 | N38: =I38-0.04*2 -> 0.52 | O38: =J38-0.04*2 -> 0.17 | P38: =N38 -> 0.52 | Q38: =O38 -> 0.17 | R38: =10*(G38/1000) -> 0.1 | S38: =SUM(N38:R38) -> 1.48 | T38: =L38*S38*M38 -> 35.52 | U38: =PI()*(G38/1000)^2*0.25*1*7850 -> 0.61653756 | V38: =T38*U38 -> 21.899414 | AA38: Column Ties Main Bars | AB38: 10 | AC38: 200 | AD38: 0.25 | AE38: 0.25 | AF38: =AF24 -> 4.1 | AG38: =ROUND((AF38/(AC38/1000))+1,0) -> 22 | AH38: 2 | AI38: =AD38-0.04 -> 0.21 | AJ38: =AE38-0.04*2 -> 0.17 | AK38: =AI38 -> 0.21 | AL38: =AJ38 -> 0.17 | AM38: =10*(AB38/1000) -> 0.1 | AN38: =SUM(AI38:AM38) -> 0.86 | AO38: =AG38*AN38*AH38 -> 37.84 | AP38: =PI()*(AB38/1000)^2*0.25*1*7850 -> 0.61653756 | AQ38: =AO38*AP38 -> 23.329781 | AV38: Links | AW38: 10 | AX38: 200 | AY38: =AY37 -> 0.2 | AZ38: =AZ37 -> 0.55 | BA38: 2.85 | BB38: =ROUND((BA38/(AX38/1000))+1,0) -> 15 | BC38: 1 | BD38: =AY38-0.04*2 -> 0.12 | BE38: =AZ38-0.04*2 -> 0.47 | BF38: =BD38 -> 0.12 | BG38: =BE38 -> 0.47 | BH38: =(10*AW38)/1000 -> 0.1 | BI38: =SUM(BD38:BH38) -> 1.28 | BJ38: =BB38*BI38*BC38 -> 19.2 | BK38: =PI()*(AW38/1000)^2*0.25*1*7850 -> 0.61653756 | BL38: =BJ38*BK38 -> 11.837521
F39: Column Ties | G39: 10 | H39: 200 | I39: 0.6 | J39: 0.25 | K39: 4.5 | L39: =ROUND((K39/(H39/1000))+1,0) -> 24 | M39: 1 | N39: =10*(G39/1000) -> 0.1 | O39: =J39-0.04*2 -> 0.17 | P39: =N39 -> 0.1 | S39: =SUM(N39:R39) -> 0.37 | T39: =L39*S39*M39 -> 8.88 | U39: =PI()*(G39/1000)^2*0.25*1*7850 -> 0.61653756 | V39: =T39*U39 -> 5.4748535 | AA39: C Bars Intermediatte | AB39: 10 | AC39: 200 | AD39: 0.55 | AE39: 0.3 | AF39: =AF24 -> 4.1 | AG39: =ROUND((AF39/(AC39/1000))+1,0) -> 22 | AH39: 2 | AI39: 0.1 | AJ39: =AE39-0.04*2 -> 0.22 | AK39: 0.1 | AN39: =SUM(AI39:AM39) -> 0.42 | AO39: =AG39*AN39*AH39 -> 18.48 | AP39: =PI()*(AB39/1000)^2*0.25*1*7850 -> 0.61653756 | AQ39: =AO39*AP39 -> 11.393614 | AV39: Side Bars | AW39: 10 | AX39: 0 | AY39: =AY38 -> 0.2 | AZ39: =AZ38 -> 0.55 | BA39: 2.85 | BB39: 1 | BC39: 1 | BD39: =BA39 -> 2.85 | BI39: =SUM(BD39:BH39) -> 2.85 | BJ39: =BB39*BI39*BC39 -> 2.85 | BK39: =PI()*(AW39/1000)^2*0.25*1*7850 -> 0.61653756 | BL39: =BJ39*BK39 -> 1.757132
D40: C12 | E40: GF TO FF | F40: Vertical Bars | G40: 16 | H40: as shown | I40: 0.25 | J40: 0.25 | K40: 4.5 | L40: 6 | M40: 1 | N40: =K40 -> 4.5 | S40: =SUM(N40:R40) -> 4.5 | T40: =L40*S40*M40 -> 27 | U40: =PI()*(G40/1000)^2*0.25*1*7850 -> 1.5783361 | V40: =T40*U40 -> 42.615076 | Y40: WEIGHT OF REBAR PER WALL | AT40: SB-1 | AU40: Strap Beams | AV40: Bottom Bars | AW40: 16 | AX40: 0 | AY40: 0.25 | AZ40: 0.6 | BA40: 4.49 | BB40: 5 | BC40: 1 | BD40: =BA40 -> 4.49 | BI40: =SUM(BD40:BH40) -> 4.49 | BJ40: =BB40*BI40*BC40 -> 22.45 | BK40: =PI()*(AW40/1000)^2*0.25*1*7850 -> 1.5783361 | BL40: =BJ40*BK40 -> 35.433647
F41: Column Ties | G41: 10 | H41: 200 | I41: 0.25 | J41: 0.25 | K41: 4.5 | L41: =ROUND((K41/(H41/1000))+1,0) -> 24 | M41: 1 | N41: =I41-0.04*2 -> 0.17 | O41: =J41-0.04*2 -> 0.17 | P41: =N41 -> 0.17 | Q41: =O41 -> 0.17 | R41: =10*(G41/1000) -> 0.1 | S41: =SUM(N41:R41) -> 0.78 | T41: =L41*S41*M41 -> 18.72 | U41: =PI()*(G41/1000)^2*0.25*1*7850 -> 0.61653756 | V41: =T41*U41 -> 11.541583 | AV41: Top Bars | AW41: 16 | AX41: 0 | AY41: 0.25 | AZ41: =AZ40 -> 0.6 | BA41: 4.49 | BB41: 5 | BC41: 1 | BD41: =BA41 -> 4.49 | BI41: =SUM(BD41:BH41) -> 4.49 | BJ41: =BB41*BI41*BC41 -> 22.45 | BK41: =PI()*(AW41/1000)^2*0.25*1*7850 -> 1.5783361 | BL41: =BJ41*BK41 -> 35.433647
D42: C | E42: GF TO FF | F42: Vertical Bars | G42: 16 | H42: as shown | I42: 0.2 | J42: 0.2 | K42: 2.2 | L42: 4 | M42: 1 | N42: =K42 -> 2.2 | S42: =SUM(N42:R42) -> 2.2 | T42: =L42*S42*M42 -> 8.8 | U42: =PI()*(G42/1000)^2*0.25*1*7850 -> 1.5783361 | V42: =T42*U42 -> 13.889358 | Z42: SUMMARY | AV42: Links | AW42: 10 | AX42: 150 | AY42: 0.25 | AZ42: =AZ41 -> 0.6 | BA42: 4.49 | BB42: =ROUND((BA42/(AX42/1000))+1,0) -> 31 | BC42: 1 | BD42: =AY42-0.04*2 -> 0.17 | BE42: =AZ42-0.04*2 -> 0.52 | BF42: =BD42 -> 0.17 | BG42: =BE42 -> 0.52 | BH42: =(10*AW42)/1000 -> 0.1 | BI42: =SUM(BD42:BH42) -> 1.48 | BJ42: =BB42*BI42*BC42 -> 45.88 | BK42: =PI()*(AW42/1000)^2*0.25*1*7850 -> 0.61653756 | BL42: =BJ42*BK42 -> 28.286743
F43: Column Ties | G43: 10 | H43: 200 | I43: 0.2 | J43: 0.2 | K43: 2.2 | L43: =ROUND((K43/(H43/1000))+1,0) -> 12 | M43: 1 | N43: =I43-0.04*2 -> 0.12 | O43: =J43-0.04*2 -> 0.12 | P43: =N43 -> 0.12 | Q43: =O43 -> 0.12 | R43: =10*(G43/1000) -> 0.1 | S43: =SUM(N43:R43) -> 0.58 | T43: =L43*S43*M43 -> 6.96 | U43: =PI()*(G43/1000)^2*0.25*1*7850 -> 0.61653756 | V43: =T43*U43 -> 4.2911014 | Z43: WALL MARK | AA43: WEIGHT | AB43: NO | AC43: Total Weight
F44: Column Ties | G44: 10 | H44: 200 | I44: 0.6 | J44: 0.25 | K44: 2.2 | L44: =ROUND(((1.5-0.075)/(H44/1000))+1,0) -> 8 | S44: =SUM(N44:R44) -> 0 | T44: =L44*S44*M44 -> 0 | U44: =PI()*(G44/1000)^2*0.25*1*7850 -> 0.61653756 | V44: =T44*U44 -> 0 | Z44: W1 | AA44: =SUM(AQ7:AQ12)+SUM(AQ24:AQ29) -> 872.94892 | AB44: ='Concrete Substructure'!F60 -> 1 | AC44: =AA44*AB44 -> 872.94892 | AT44: SUMMARY
Z45: W2 | AA45: =SUM(AQ13:AQ17)+SUM(AQ30:AQ34) -> 341.33453 | AB45: ='Concrete Substructure'!F61 -> 2 | AC45: =AA45*AB45 -> 682.66905 | AT45: GRADE BEAM | AU45: WEIGHT | AV45: LENGTH | AW45: Total Weight
Z46: W3 | AA46: =SUM(AQ18:AQ22)+SUM(AQ35:AQ39) -> 559.20213 | AB46: ='Concrete Substructure'!F62 -> 2 | AC46: =AA46*AB46 -> 1118.4043 | AT46: GB1 | AU46: =SUM(BL6:BL9)/BA6 -> 21.092127 | AV46: ='Concrete Substructure'!G31 -> 164.4 | AW46: =AU46*AV46*1.1 -> 3814.3003
D47: C1 | E47: FF TO RF | F47: Vertical Bars | G47: TERMINATED | Z47: WALL | AC47: =SUM(AC44:AC46) -> 2674.0222 | AT47: GB2 | AU47: =SUM(BL10:BL13)/BA10 -> 22.821268 | AV47: ='Concrete Substructure'!G32 -> 18.4 | AW47: =AU47*AV47*1.1 -> 461.90246
F48: Column Ties | AT48: GB3 | AU48: =SUM(BL14:BL17)/BA14 -> 22.886548 | AV48: ='Concrete Substructure'!G33 -> 13.2 | AW48: =AU48*AV48*1.1 -> 332.31267
D49: C1* | E49: FF TO RF | F49: Vertical Bars | G49: 16 | H49: as shown | I49: 0.4 | J49: 0.25 | K49: =8.6-4.5 -> 4.1 | L49: 6 | M49: 1 | N49: =K49 -> 4.1 | O49: 0.3 | S49: =SUM(N49:R49) -> 4.4 | T49: =L49*S49*M49 -> 26.4 | U49: =PI()*(G49/1000)^2*0.25*1*7850 -> 1.5783361 | V49: =T49*U49 -> 41.668074 | AT49: GB4 | AU49: =SUM(BL18:BL21)/BA18 -> 18.534987 | AV49: ='Concrete Substructure'!G34 -> 14.9 | AW49: =AU49*AV49*1.1 -> 303.78844
F50: Column Ties | G50: 10 | H50: 200 | I50: 0.4 | J50: 0.25 | K50: =8.6-4.5 -> 4.1 | L50: =ROUND((K50/(H50/1000))+1,0) -> 22 | M50: 1 | N50: =I50-0.04*2 -> 0.32 | O50: =J50-0.04*2 -> 0.17 | P50: =N50 -> 0.32 | Q50: =O50 -> 0.17 | R50: =10*(G50/1000) -> 0.1 | S50: =SUM(N50:R50) -> 1.08 | T50: =L50*S50*M50 -> 23.76 | U50: =PI()*(G50/1000)^2*0.25*1*7850 -> 0.61653756 | V50: =T50*U50 -> 14.648932 | AT50: GB5 | AU50: =SUM(BL22:BL25)/BA22 -> 20.942245 | AV50: ='Concrete Substructure'!G35 -> 21.3 | AW50: =AU50*AV50*1.1 -> 490.67679
D51: C2 | E51: FF TO RF | F51: Vertical Bars | G51: TERMINATED | AT51: GB6 | AU51: =SUM(BL26:BL29)/BA26 -> 19.490077 | AV51: ='Concrete Substructure'!G36 -> 3.5 | AW51: =AU51*AV51*1.1 -> 75.036797
F52: Column Ties | AT52: GB7 | AU52: =SUM(BL30:BL33)/BA30 -> 21.536538 | AV52: ='Concrete Substructure'!G37 -> 1.5 | AW52: =AU52*AV52*1.1 -> 35.535287
F53: Column Ties | AT53: B | AU53: =SUM(BL34:BL39)/BA34 -> 14.634655 | AV53: ='Concrete Substructure'!G38 -> 110.3 | AW53: =AU53*AV53*1.1 -> 1775.6227
D54: C3 | E54: FF TO RF | F54: Vertical Bars | G54: 16 | H54: as shown | I54: 0.8 | J54: 0.25 | K54: =8.6-4.5 -> 4.1 | L54: 12 | M54: 1 | N54: =K54 -> 4.1 | O54: 0.3 | S54: =SUM(N54:R54) -> 4.4 | T54: =L54*S54*M54 -> 52.8 | U54: =PI()*(G54/1000)^2*0.25*1*7850 -> 1.5783361 | V54: =T54*U54 -> 83.336149 | AT54: SB1 | AU54: =SUM(BL40:BL42)/BA40 -> 22.083304 | AV54: ='Concrete Substructure'!G29 -> 8.5 | AW54: =AU54*AV54*1.1 -> 206.4789
F55: Column Ties | G55: 10 | H55: 200 | I55: 0.8 | J55: 0.25 | K55: =8.6-4.5 -> 4.1 | L55: =ROUND((K55/(H55/1000))+1,0) -> 22 | M55: 1 | N55: =I55-0.04*2 -> 0.72 | O55: =J55-0.04*2 -> 0.17 | P55: =N55 -> 0.72 | Q55: =O55 -> 0.17 | R55: =10*(G55/1000) -> 0.1 | S55: =SUM(N55:R55) -> 1.88 | T55: =L55*S55*M55 -> 41.36 | U55: =PI()*(G55/1000)^2*0.25*1*7850 -> 0.61653756 | V55: =T55*U55 -> 25.499993 | AT55: WALL | AW55: =SUM(AW46:AW54) -> 7495.6543
F56: Column Ties | G56: 10 | H56: 200 | I56: 0.8 | J56: 0.25 | K56: =8.6-4.5 -> 4.1 | L56: =ROUND((K56/(H56/1000))+1,0) -> 22 | M56: 1 | N56: =Q56 -> 0.17 | O56: =J56-0.04*2 -> 0.17 | P56: =N56 -> 0.17 | Q56: =O56 -> 0.17 | R56: =10*(G56/1000) -> 0.1 | S56: =SUM(N56:R56) -> 0.78 | T56: =L56*S56*M56 -> 17.16 | U56: =PI()*(G56/1000)^2*0.25*1*7850 -> 0.61653756 | V56: =T56*U56 -> 10.579784
D57: C4 | E57: FF TO RF | F57: Vertical Bars | G57: TERMINATED
F58: Column Ties
F59: Column Ties
D60: C4* | E60: FF TO RF | F60: Vertical Bars | G60: 16 | H60: as shown | I60: 0.6 | J60: 0.25 | K60: =8.6-4.5 -> 4.1 | L60: 10 | M60: 1 | N60: =K60 -> 4.1 | O60: 0.3 | S60: =SUM(N60:R60) -> 4.4 | T60: =L60*S60*M60 -> 44 | U60: =PI()*(G60/1000)^2*0.25*1*7850 -> 1.5783361 | V60: =T60*U60 -> 69.446791
F61: Column Ties | G61: 10 | H61: 200 | I61: 0.6 | J61: 0.25 | K61: =8.6-4.5 -> 4.1 | L61: =ROUND((K61/(H61/1000))+1,0) -> 22 | M61: 1 | N61: =I61-0.04*2 -> 0.52 | O61: =J61-0.04*2 -> 0.17 | P61: =N61 -> 0.52 | Q61: =O61 -> 0.17 | R61: =10*(G61/1000) -> 0.1 | S61: =SUM(N61:R61) -> 1.48 | T61: =L61*S61*M61 -> 32.56 | U61: =PI()*(G61/1000)^2*0.25*1*7850 -> 0.61653756 | V61: =T61*U61 -> 20.074463
F62: Column Ties | G62: 10 | H62: 200 | I62: 0.6 | J62: 0.25 | K62: =8.6-4.5 -> 4.1 | L62: =ROUND((K62/(H62/1000))+1,0) -> 22 | M62: 1 | N62: =10*(G62/1000) -> 0.1 | O62: =J62-0.04*2 -> 0.17 | P62: =N62 -> 0.1 | S62: =SUM(N62:R62) -> 0.37 | T62: =L62*S62*M62 -> 8.14 | U62: =PI()*(G62/1000)^2*0.25*1*7850 -> 0.61653756 | V62: =T62*U62 -> 5.0186157
D63: C4** | E63: FF TO RF | F63: Vertical Bars | G63: 16 | H63: as shown | I63: 0.6 | J63: 0.25 | K63: =8.6-4.5 -> 4.1 | L63: 10 | M63: 1 | N63: =K63 -> 4.1 | O63: 0.3 | S63: =SUM(N63:R63) -> 4.4 | T63: =L63*S63*M63 -> 44 | U63: =PI()*(G63/1000)^2*0.25*1*7850 -> 1.5783361 | V63: =T63*U63 -> 69.446791
F64: Column Ties | G64: 10 | H64: 200 | I64: 0.6 | J64: 0.25 | K64: =8.6-4.5 -> 4.1 | L64: =ROUND((K64/(H64/1000))+1,0) -> 22 | M64: 1 | N64: =I64-0.04*2 -> 0.52 | O64: =J64-0.04*2 -> 0.17 | P64: =N64 -> 0.52 | Q64: =O64 -> 0.17 | R64: =10*(G64/1000) -> 0.1 | S64: =SUM(N64:R64) -> 1.48 | T64: =L64*S64*M64 -> 32.56 | U64: =PI()*(G64/1000)^2*0.25*1*7850 -> 0.61653756 | V64: =T64*U64 -> 20.074463
F65: Column Ties | G65: 10 | H65: 200 | I65: 0.6 | J65: 0.25 | K65: =8.6-4.5 -> 4.1 | L65: =ROUND((K65/(H65/1000))+1,0) -> 22 | M65: 1 | N65: =10*(G65/1000) -> 0.1 | O65: =J65-0.04*2 -> 0.17 | P65: =N65 -> 0.1 | S65: =SUM(N65:R65) -> 0.37 | T65: =L65*S65*M65 -> 8.14 | U65: =PI()*(G65/1000)^2*0.25*1*7850 -> 0.61653756 | V65: =T65*U65 -> 5.0186157
D66: C5 | E66: FF TO RF | F66: Vertical Bars | G66: 16 | H66: as shown | I66: 0.6 | J66: 0.2 | K66: =8.6-4.5 -> 4.1 | L66: 10 | M66: 1 | N66: =K66 -> 4.1 | O66: 0.3 | S66: =SUM(N66:R66) -> 4.4 | T66: =L66*S66*M66 -> 44 | U66: =PI()*(G66/1000)^2*0.25*1*7850 -> 1.5783361 | V66: =T66*U66 -> 69.446791
F67: Column Ties | G67: 10 | H67: 200 | I67: 0.6 | J67: 0.2 | K67: =8.6-4.5 -> 4.1 | L67: =ROUND((K67/(H67/1000))+1,0) -> 22 | M67: 1 | N67: =I67-0.04*2 -> 0.52 | O67: =J67-0.04*2 -> 0.12 | P67: =N67 -> 0.52 | Q67: =O67 -> 0.12 | R67: =10*(G67/1000) -> 0.1 | S67: =SUM(N67:R67) -> 1.38 | T67: =L67*S67*M67 -> 30.36 | U67: =PI()*(G67/1000)^2*0.25*1*7850 -> 0.61653756 | V67: =T67*U67 -> 18.71808
F68: Column Ties | G68: 10 | H68: 200 | I68: 0.6 | J68: 0.25 | K68: =8.6-4.5 -> 4.1 | L68: =ROUND((K68/(H68/1000))+1,0) -> 22 | M68: 1 | N68: =10*(G68/1000) -> 0.1 | O68: =J68-0.04*2 -> 0.17 | P68: =N68 -> 0.1 | S68: =SUM(N68:R68) -> 0.37 | T68: =L68*S68*M68 -> 8.14 | U68: =PI()*(G68/1000)^2*0.25*1*7850 -> 0.61653756 | V68: =T68*U68 -> 5.0186157
D69: C6 | E69: FF TO RF | F69: Vertical Bars | G69: TERMINATED
F70: Column Ties
F71: Column Ties
F72: Column Ties
D73: C6* | E73: FF TO RF | F73: Vertical Bars | G73: 20 | H73: as shown | I73: 1 | J73: 0.25 | K73: =8.6-4.5 -> 4.1 | L73: 14 | M73: 1 | N73: =K73 -> 4.1 | O73: 0.3 | S73: =SUM(N73:R73) -> 4.4 | T73: =L73*S73*M73 -> 61.6 | U73: =PI()*(G73/1000)^2*0.25*1*7850 -> 2.4661502 | V73: =T73*U73 -> 151.91485
F74: Column Ties | G74: 10 | H74: 200 | I74: 1 | J74: 0.25 | K74: =8.6-4.5 -> 4.1 | L74: =ROUND((K74/(H74/1000))+1,0) -> 22 | M74: 1 | N74: =I74-0.04*2 -> 0.92 | O74: =J74-0.04*2 -> 0.17 | P74: =N74 -> 0.92 | Q74: =O74 -> 0.17 | R74: =10*(G74/1000) -> 0.1 | S74: =SUM(N74:R74) -> 2.28 | T74: =L74*S74*M74 -> 50.16 | U74: =PI()*(G74/1000)^2*0.25*1*7850 -> 0.61653756 | V74: =T74*U74 -> 30.925524
F75: Column Ties | G75: 10 | H75: 200 | I75: 0.6 | J75: 0.25 | K75: =8.6-4.5 -> 4.1 | L75: =ROUND((K75/(H75/1000))+1,0) -> 22 | M75: 2 | N75: =10*(G75/1000) -> 0.1 | O75: =J75-0.04*2 -> 0.17 | P75: =N75 -> 0.1 | S75: =SUM(N75:R75) -> 0.37 | T75: =L75*S75*M75 -> 16.28 | U75: =PI()*(G75/1000)^2*0.25*1*7850 -> 0.61653756 | V75: =T75*U75 -> 10.037231
F76: Column Ties | G76: 10 | H76: 200 | I76: 0.6 | J76: 0.25 | K76: =8.6-4.5 -> 4.1 | L76: =ROUND((K76/(H76/1000))+1,0) -> 22 | M76: 1 | N76: =Q76 -> 0.17 | O76: =J76-0.04*2 -> 0.17 | P76: =N76 -> 0.17 | Q76: =O76 -> 0.17 | R76: =10*(G76/1000) -> 0.1 | S76: =SUM(N76:R76) -> 0.78 | T76: =L76*S76*M76 -> 17.16 | U76: =PI()*(G76/1000)^2*0.25*1*7850 -> 0.61653756 | V76: =T76*U76 -> 10.579784
D77: C7 | E77: FF TO RF Planted Column | F77: Vertical Bars | G77: 16 | H77: as shown | I77: 0.6 | J77: 0.25 | K77: =8.6-4.5 -> 4.1 | L77: 10 | M77: 1 | N77: =K77 -> 4.1 | O77: 0.6 | S77: =SUM(N77:R77) -> 4.7 | T77: =L77*S77*M77 -> 47 | U77: =PI()*(G77/1000)^2*0.25*1*7850 -> 1.5783361 | V77: =T77*U77 -> 74.181799
F78: Column Ties | G78: 10 | H78: 200 | I78: 0.6 | J78: 0.25 | K78: =8.6-4.5 -> 4.1 | L78: =ROUND((K78/(H78/1000))+1,0) -> 22 | M78: 1 | N78: =I78-0.04*2 -> 0.52 | O78: =J78-0.04*2 -> 0.17 | P78: =N78 -> 0.52 | Q78: =O78 -> 0.17 | R78: =10*(G78/1000) -> 0.1 | S78: =SUM(N78:R78) -> 1.48 | T78: =L78*S78*M78 -> 32.56 | U78: =PI()*(G78/1000)^2*0.25*1*7850 -> 0.61653756 | V78: =T78*U78 -> 20.074463
F79: Column Ties | G79: 10 | H79: 200 | I79: 0.6 | J79: 0.25 | K79: =8.6-4.5 -> 4.1 | L79: =ROUND((K79/(H79/1000))+1,0) -> 22 | M79: 1 | N79: =10*(G79/1000) -> 0.1 | O79: =J79-0.04*2 -> 0.17 | P79: =N79 -> 0.1 | S79: =SUM(N79:R79) -> 0.37 | T79: =L79*S79*M79 -> 8.14 | U79: =PI()*(G79/1000)^2*0.25*1*7850 -> 0.61653756 | V79: =T79*U79 -> 5.0186157
D81: C11 | E81: FF TO RF | F81: Vertical Bars | G81: 20 | H81: as shown | I81: 0.6 | J81: 0.25 | K81: =8.6-4.5 -> 4.1 | L81: 10 | M81: 1 | N81: =K81 -> 4.1 | O81: 0.3 | S81: =SUM(N81:R81) -> 4.4 | T81: =L81*S81*M81 -> 44 | U81: =PI()*(G81/1000)^2*0.25*1*7850 -> 2.4661502 | V81: =T81*U81 -> 108.51061 | X81: height to landing only
F82: Column Ties | G82: 10 | H82: 200 | I82: 0.6 | J82: 0.25 | K82: =8.6-4.5 -> 4.1 | L82: =ROUND((K82/(H82/1000))+1,0) -> 22 | M82: 1 | N82: =I82-0.04*2 -> 0.52 | O82: =J82-0.04*2 -> 0.17 | P82: =N82 -> 0.52 | Q82: =O82 -> 0.17 | R82: =10*(G82/1000) -> 0.1 | S82: =SUM(N82:R82) -> 1.48 | T82: =L82*S82*M82 -> 32.56 | U82: =PI()*(G82/1000)^2*0.25*1*7850 -> 0.61653756 | V82: =T82*U82 -> 20.074463 | X82: =6.55-4.5 -> 2.05 | Y82: must be the height
F83: Column Ties | G83: 10 | H83: 200 | I83: 0.6 | J83: 0.25 | K83: =8.6-4.5 -> 4.1 | L83: =ROUND((K83/(H83/1000))+1,0) -> 22 | M83: 1 | N83: =10*(G83/1000) -> 0.1 | O83: =J83-0.04*2 -> 0.17 | P83: =N83 -> 0.1 | S83: =SUM(N83:R83) -> 0.37 | T83: =L83*S83*M83 -> 8.14 | U83: =PI()*(G83/1000)^2*0.25*1*7850 -> 0.61653756 | V83: =T83*U83 -> 5.0186157
D84: C12 | E84: FF TO RF | F84: Vertical Bars | G84: 16 | H84: as shown | I84: 0.25 | J84: 0.25 | K84: =8.6-4.5 -> 4.1 | L84: 6 | M84: 1 | N84: =K84 -> 4.1 | S84: =SUM(N84:R84) -> 4.1 | T84: =L84*S84*M84 -> 24.6 | U84: =PI()*(G84/1000)^2*0.25*1*7850 -> 1.5783361 | V84: =T84*U84 -> 38.827069
F85: Column Ties | G85: 10 | H85: 200 | I85: 0.25 | J85: 0.25 | K85: =8.6-4.5 -> 4.1 | L85: =ROUND((K85/(H85/1000))+1,0) -> 22 | M85: 1 | N85: =I85-0.04*2 -> 0.17 | O85: =J85-0.04*2 -> 0.17 | P85: =N85 -> 0.17 | Q85: =O85 -> 0.17 | R85: =10*(G85/1000) -> 0.1 | S85: =SUM(N85:R85) -> 0.78 | T85: =L85*S85*M85 -> 17.16 | U85: =PI()*(G85/1000)^2*0.25*1*7850 -> 0.61653756 | V85: =T85*U85 -> 10.579784
D88: C1 | E88: RF TO URF | F88: Vertical Bars | G88: TERMINATED
F89: Column Ties
D90: C1* | E90: RF TO URF | F90: Vertical Bars | G90: TERMINATED
F91: Column Ties
D92: C2 | E92: RF TO URF | F92: Vertical Bars | G92: TERMINATED
F93: Column Ties
F94: Column Ties
D95: C3 | E95: RF TO URF | F95: Vertical Bars | G95: TERMINATED
F96: Column Ties
F97: Column Ties
D98: C4 | E98: RF TO URF | F98: Vertical Bars | G98: TERMINATED
F99: Column Ties
F100: Column Ties
D101: C4* | E101: RF TO URF | F101: Vertical Bars | G101: TERMINATED
F102: Column Ties
F103: Column Ties
D104: C4** | E104: RF TO URF | F104: Vertical Bars | G104: 25 | H104: as shown | I104: 0.6 | J104: 0.25 | K104: =12.37-8.6 -> 3.77 | L104: 8 | M104: 1 | N104: =K104 -> 3.77 | O104: 0.3 | S104: =SUM(N104:R104) -> 4.07 | T104: =L104*S104*M104 -> 32.56 | U104: =PI()*(G104/1000)^2*0.25*1*7850 -> 3.8533597 | V104: =T104*U104 -> 125.46539
...

Sheet REBAR RATIO
G4: KHANNA VILLA | K4: ALBASTAKI | O4: KHANNA VILLA UPDATED | S4: VILLA 5E | W4: VILLA 4K
F5: SUBSTRUCTURE | G5: Concrete | H5: Rebar | I5: kgs/m3 | K5: Concrete | L5: Rebar | M5: kgs/m3 | O5: Concrete | P5: Rebar | Q5: kgs/m3 | S5: Concrete | T5: Rebar | U5: kgs/m3 | W5: Concrete | X5: Rebar | Y5: kgs/m3
F6: Raft Footing | G6: 65 | H6: 5608 | I6: =H6/G6 -> 86.276923 | O6: 65 | P6: 5608 | Q6: =P6/O6 -> 86.276923
F7: Footing | G7: 67 | H7: 5879 | I7: =H7/G7 -> 87.746269 | K7: 61.592 | L7: 9046 | M7: =L7/K7 -> 146.86972 | O7: 67 | P7: 5879 | Q7: =P7/O7 -> 87.746269 | S7: 133 | T7: 14265 | U7: =T7/S7 -> 107.25564 | W7: 256 | X7: 29548 | Y7: =X7/W7 -> 115.42188
F8: Column Neck | G8: 9 | H8: ='Rebar-Substructure'!AC62 -> 1884.4987 | I8: =H8/G8 -> 209.38875 | K8: 4 | L8: 1376.82 | M8: =L8/K8 -> 344.205 | O8: 9 | P8: 3267.9 | Q8: =P8/O8 -> 363.1 | S8: 10 | T8: 3631 | U8: =T8/S8 -> 363.1 | W8: 5 | X8: 1451 | Y8: =X8/W8 -> 290.2 | AA8: =G8*U8 -> 3267.9
F9: Slab on grade | G9: 57 | H9: 3076 | I9: =H9/G9 -> 53.964912 | K9: 49.5 | L9: 3512.63 | M9: =L9/K9 -> 70.962222 | O9: 57 | P9: 3076 | Q9: =P9/O9 -> 53.964912 | S9: 86 | T9: 4770 | U9: =T9/S9 -> 55.465116 | W9: 58 | X9: 6370 | Y9: =X9/W9 -> 109.82759 | AA9: 1626
F10: Grade Beam | G10: 43 | H10: 8109 | I10: =H10/G10 -> 188.5814 | K10: 46.275 | L10: 7400.86 | M10: =L10/K10 -> 159.93214 | O10: 43 | P10: 8109 | Q10: =P10/O10 -> 188.5814 | S10: 62 | T10: 13307 | U10: =T10/S10 -> 214.62903 | W10: 81 | X10: 9645 | Y10: =X10/W10 -> 119.07407 | AA10: =AA8-AA9 -> 1641.9
F11: Wall | W11: 5 | X11: 957 | Y11: =X11/W11 -> 191.4
F13: SUPERSTRUCTURE
F14: Column | G14: 41 | H14: 7828.5384 | I14: =H14/G14 -> 190.93996 | K14: 15.83625 | L14: 2597.482 | M14: =L14/K14 -> 164.02128 | O14: 41 | P14: 9126.9565 | Q14: =P14/O14 -> 222.6087 | S14: 34 | T14: 8224 | U14: =T14/S14 -> 241.88235 | W14: 23 | X14: 5120 | Y14: =X14/W14 -> 222.6087 | AA14: =G14*Y14 -> 9126.9565
F15: Suspended slab | G15: 323 | H15: 25992 | I15: =H15/G15 -> 80.470588 | K15: 103.275 | L15: 12256.437 | M15: =L15/K15 -> 118.67768 | O15: 323 | P15: 45967.878 | Q15: =P15/O15 -> 142.31541 | S15: 279 | T15: 39706 | U15: =T15/S15 -> 142.31541 | W15: 143 | X15: 21159 | Y15: =X15/W15 -> 147.96503 | AA15: 7275
F16: Beam, Capping beam & Stair beam | G16: 106 | H16: 19610 | I16: =H16/G16 -> 185 | K16: 20.025 | L16: 3257.1143 | M16: =L16/K16 -> 162.6524 | O16: 106 | P16: 19610 | Q16: =P16/O16 -> 185 | S16: 57 | T16: 9694 | U16: =T16/S16 -> 170.07018 | W16: 34 | X16: 8366 | Y16: =X16/W16 -> 246.05882 | AA16: =AA14-AA15 -> 1851.9565
F17: Core wall | G17: 16 | H17: 3496 | I17: =H17/G17 -> 218.5 | K17: 18.9 | L17: 4020.7087 | M17: =L17/K17 -> 212.73591 | O17: 16 | P17: 3496 | Q17: =P17/O17 -> 218.5 | W17: 24 | X17: 3089 | Y17: =X17/W17 -> 128.70833
F18: Staircase | K18: 12.795 | L18: 1031.5297 | M18: =L18/K18 -> 80.61975 | S18: 4 | T18: 540 | U18: =T18/S18 -> 135 | W18: 4 | X18: 783 | Y18: =X18/W18 -> 195.75
U19: =K18*U18 -> 1727.325 | Y19: =S18*Y18 -> 783
M20: =K14*I14 -> 3023.773
K21: 29.4 | L21: 3904.0005 | M21: =L21/K21 -> 132.78913 | U21: =K16*U16 -> 3405.6553 | Y21: =S16*Y16 -> 14025.353
F23: Coping Beam | K23: 7 | L23: 1626.3151 | M23: =L23/K23 -> 232.33073
L24: =K23*U16 -> 1190.4912
K25: 4 | L25: =K25*U16 -> 680.2807
F26: SUSPENDED SLAB | S26: 720.4 | T26: FF
F27: FF | G27: =562.6*0.2 -> 112.52 | O27: =562.6*0.2 -> 112.52 | S27: 375.3 | T27: RF
G28: =34.3*0.18 -> 6.174 | O28: =34.3*0.18 -> 6.174 | S28: =S26+S27 -> 1095.7 | T28: Total Area
F29: rf | G29: =126.7*0.22 -> 27.874 | O29: =126.7*0.22 -> 27.874 | S29: =T15/S28 -> 36.238021
G30: =SUM(G27:G29) -> 146.568 | H30: =G30*Y15 -> 21686.939 | O30: =SUM(O27:O29) -> 146.568 | P30: =O30*AG15 -> 0
F32: AREA
F33: FF | G33: =565.5+34.5 -> 600 | O33: =565.5+34.5 -> 600
F34: RF | G34: =181.1+145+199 -> 525.1 | O34: =181.1+145+199 -> 525.1
F35: URF | G35: 126.7 | O35: 126.7
F36: TOTAL AREA | G36: =SUM(G33:G35) -> 1251.8 | O36: =SUM(O33:O35) -> 1251.8
F37: KG/M2 | G37: =H15/G36 -> 20.7637 | O37: =P15/O36 -> 36.721424
G39: =G36*S29 -> 45362.755 | O39: =O36*AA29 -> 0
G40: =G15*U15 -> 45967.878 | O40: =O15*AC15 -> 0
G41: 25992 | O41: 25992
G42: =G40-G41 -> 19975.878 | O42: =O40-O41 -> -25992

Sheet Masonry
A2: Project : | B2: VILLA 5SQ-A, 6150477-NADD AL SHIBA SECOND
A3: Employer : | B3: ISSA KHOORY VILLA
A4: Engineer : | B4: LOCI CONSULTANT
A5: Contractor : | B5: CONSTECH CONSTRUCTION
A6: MASONRY WORKS
A8: SI NO | B8: DRW NO | C8: REV | D8: LOCATION | E8: DESCRIPTION | F8: NO | G8: LENGTH | H8: WIDTH | I8: HEIGHT | J8: AREA | K8: CONCRETE QTY | L8: SHUTTERING | M8: ANTI TERMITE Horz | N8: ANTI TERMITE Vert | O8: WATER PROOFING HORZ | P8: WATER PROOFING VERT | S8: ANSWER
G9: (m) | H9: (m) | I9: (m) | J9: (m²) | K9: (m³) | L9: (m²) | M9: (m²) | N9: (m²) | O9: (m²) | P9: (m²)
A12: B. | B12: SUPERSTUCTURE COLUMN | K12: =#REF! -> #REF! | L12: =#REF! -> #REF! | M12: =#REF! -> #REF! | N12: =#REF! -> #REF! | O12: =#REF! -> #REF! | P12: =#REF! -> #REF!
B13: GROUND FLOOR
A14: 1 | B14: 269-A-06-01 | C14: R0 | D14: Boundary Wall | E14: Solid Block 200mm | F14: 1 | G14: 110.6 | I14: 1.9 | J14: =G14*I14 -> 210.14 | Q14: Solid Block 200mm
D15: Boundary Wall | E15: Solid Block 250mm | F15: 1 | G15: 8.61 | I15: 2.6 | J15: =G15*I15 -> 22.386 | K15: =J15*I15 -> 58.2036 | L15: =F15*2*(G15+H15)*I15 -> 44.772 | N15: =L15 -> 44.772 | O15: =J15 -> 22.386 | P15: =L15 -> 44.772 | Q15: Solid Block 250mm
D16: Garage | E16: Solid Block 250mm | F16: 1 | G16: =5.69+4.27+4.3+5.7 -> 19.96 | I16: 2.9 | J16: =G16*I16 -> 57.884 | K16: =J16*I16 -> 167.8636 | L16: =F16*2*(G16+H16)*I16 -> 115.768 | N16: =L16 -> 115.768 | O16: =J16 -> 57.884 | P16: =L16 -> 115.768 | Q16: Solid Block 250mm
E17: Solid Block 250mm, EXT-GF-19 | F17: 1 | H17: 1.2 | I17: 2.6 | J17: =F17*I17*-1*H17 -> -3.12 | K17: =J17*I17 -> -8.112 | L17: =F17*2*(G17+H17)*I17 -> 6.24 | N17: =L17 -> 6.24 | O17: =J17 -> -3.12 | P17: =L17 -> 6.24 | Q17: Solid Block 250mm | T17: Door Wood Hinged | U17: White Oak Veneer
D18: Drivers Room | E18: Thermal Block 300mm | F18: 1 | G18: 4.9 | I18: 2.95 | J18: =G18*I18 -> 14.455 | K18: =J18*I18 -> 42.64225 | L18: =F18*2*(G18+H18)*I18 -> 28.91 | N18: =L18 -> 28.91 | O18: =J18 -> 14.455 | P18: =L18 -> 28.91 | Q18: Thermal Block 300mm | T18: Front
E19: Thermal Block 300mm | F19: 1 | G19: 5.2 | I19: 3.5 | J19: =G19*I19 -> 18.2 | K19: =J19*I19 -> 63.7 | L19: =F19*2*(G19+H19)*I19 -> 36.4 | N19: =L19 -> 36.4 | O19: =J19 -> 18.2 | P19: =L19 -> 36.4 | Q19: Thermal Block 300mm | T19: Back
E20: Solid Block 100mm | F20: 1 | G20: 5.2 | I20: 0.45 | J20: =G20*I20 -> 2.34 | K20: =J20*I20 -> 1.053 | L20: =F20*2*(G20+H20)*I20 -> 4.68 | N20: =L20 -> 4.68 | O20: =J20 -> 2.34 | P20: =L20 -> 4.68 | Q20: Solid Block 100mm | T20: Back
E21: Thermal Block 300mm | F21: 2 | J21: =13.3*F21 -> 26.6 | K21: =J21*I21 -> 0 | L21: =F21*2*(G21+H21)*I21 -> 0 | N21: =L21 -> 0 | O21: =J21 -> 26.6 | P21: =L21 -> 0 | Q21: Thermal Block 300mm | T21: Sides
E22: Thermal Block 300mm, EXT-GF-20 | F22: 1 | H22: 1 | I22: 3 | J22: =F22*I22*-1*H22 -> -3 | K22: =J22*I22 -> -9 | L22: =F22*2*(G22+H22)*I22 -> 6 | N22: =L22 -> 6 | O22: =J22 -> -3 | P22: =L22 -> 6 | Q22: Thermal Block 300mm | T22: Door Wood Hinged | U22: Stone Cladding (A-ST-02 Finish)
E23: Thermal Block 300mm, EXT-GF-05 | F23: 1 | H23: 1.3 | I23: 3.35 | J23: =F23*I23*-1*H23 -> -4.355 | K23: =J23*I23 -> -14.58925 | L23: =F23*2*(G23+H23)*I23 -> 8.71 | N23: =L23 -> 8.71 | O23: =J23 -> -4.355 | P23: =L23 -> 8.71 | Q23: Thermal Block 300mm | T23: Alumininum Door
E24: Solid Block 150mm | F24: 1 | J24: 8.4 | K24: =J24*I24 -> 0 | L24: =F24*2*(G24+H24)*I24 -> 0 | N24: =L24 -> 0 | O24: =J24 -> 8.4 | P24: =L24 -> 0 | Q24: Solid Block 150mm
E25: Solid Block 150mm | F25: 1 | G25: 2.2 | I25: 3.8 | J25: =F25*G25*I25 -> 8.36 | K25: =J25*I25 -> 31.768 | L25: =F25*2*(G25+H25)*I25 -> 16.72 | N25: =L25 -> 16.72 | O25: =J25 -> 8.36 | P25: =L25 -> 16.72 | Q25: Solid Block 150mm
E26: Solid Block 150mm, B-GD-05 | J26: -2.4 | K26: =J26*I26 -> 0 | L26: =F26*2*(G26+H26)*I26 -> 0 | N26: =L26 -> 0 | O26: =J26 -> -2.4 | P26: =L26 -> 0 | Q26: Solid Block 150mm
D27: BOH Kitchen | E27: Thermal Block 300mm | F27: 1 | G27: =4.9+5.21+4.43 -> 14.54 | I27: 4 | J27: =F27*G27*I27 -> 58.16 | Q27: Thermal Block 300mm
E28: Thermal Block 300mm, EXT-GF-21 | F28: 1 | H28: 0.95 | I28: 3 | J28: =F28*I28*-1*H28 -> -2.85 | Q28: Solid Block 150mm | T28: Door Wood Hinged | U28: Stone Cladding (A-ST-02 Finish)
E29: Solid Block 150mm | F29: 1 | G29: 4.87 | I29: 3.7 | J29: =F29*G29*I29 -> 18.019 | Q29: Solid Block 150mm
E30: Solid Block 150mm, EXT-GF-22 | F30: 1 | H30: 0.95 | I30: 3 | J30: =F30*I30*-1*H30 -> -2.85 | Q30: Solid Block 150mm | T30: Door Wood Hinged | U30: White Oak Veneer
E31: Thermal Block 300mm, EXT-GF-06 | F31: 1 | H31: 3.3 | I31: 3.5 | J31: =F31*I31*-1*H31 -> -11.55 | Q31: Thermal Block 300mm | T31: Alumininum
D32: Maid's Room + Laundry | E32: Thermal Block 300mm | F32: 1 | G32: =5.57+1.32 -> 6.89 | I32: =I29 -> 3.7 | J32: =F32*G32*I32 -> 25.493 | Q32: Thermal Block 300mm
E33: Thermal Block 300mm, EXT-GF-07 | F33: 1 | H33: 1 | I33: 3.3 | J33: =F33*I33*-1*H33 -> -3.3 | Q33: Thermal Block 300mm | T33: Window Hinged
E34: Thermal Block 300mm, EXT-GF-08 | F34: 1 | H34: 1.2 | I34: 3.3 | J34: =F34*I34*-1*H34 -> -3.96 | Q34: Thermal Block 300mm | T34: Door Glass Pivot
E35: Solid Block 300mm | F35: 1 | G35: 0.93 | I35: =I29 -> 3.7 | J35: =F35*G35*I35 -> 3.441 | Q35: Solid Block 300mm
E36: Solid Block 250mm | F36: 1 | G36: =2.22+1.96+1.75 -> 5.93 | I36: =I35 -> 3.7 | J36: =F36*G36*I36 -> 21.941 | Q36: Solid Block 250mm
E37: Solid Block 250mm, B-GD-03 | J37: -2.3 | Q37: Solid Block 250mm
E38: Solid Block 250mm, GD-10 | Q38: Solid Block 250mm
E39: Solid Block 100mm | F39: 1 | G39: =0.87*2 -> 1.74 | I39: =I34 -> 3.3 | J39: =F39*G39*I39 -> 5.742 | Q39: Solid Block 100mm
E40: Solid Block 150mm | F40: 1 | G40: =3.2+2.39+1.06 -> 6.65 | I40: =I35 -> 3.7 | J40: =F40*G40*I40 -> 24.605 | Q40: Solid Block 150mm
E41: Solid Block 150mm, B-GD-02 | F41: 1 | J41: -2.3 | Q41: Solid Block 150mm
E42: Solid Block 150mm, B-GD-01 | F42: 1 | J42: -3.2 | Q42: Solid Block 150mm
D43: Maid's Bathroom | E43: Solid Block 150mm | F43: 1 | G43: =4.08+1.5+2.04 -> 7.62 | I43: =I40 -> 3.7 | J43: =F43*G43*I43 -> 28.194 | Q43: Solid Block 150mm
E44: Solid Block 150mm, B-GD-04 | F44: 1 | J44: -2.3 | Q44: Solid Block 150mm
E45: Solid Block 250mm | F45: 1 | G45: 1.53 | I45: =I43 -> 3.7 | J45: =F45*G45*I45 -> 5.661 | Q45: Solid Block 250mm
E46: Solid Block 250mm, EXT-GF-04 | F46: 1 | H46: 1.55 | I46: 2.7 | J46: =F46*I46*-1*H46 -> -4.185 | Q46: Solid Block 250mm | T46: Window Fixed
D47: Office | E47: Solid Block 250mm | F47: 1 | G47: =0.18+5.9 -> 6.08 | I47: 3.2 | J47: =F47*G47*I47 -> 19.456 | Q47: Solid Block 250mm
E48: Solid Block 250mm, EXT-GF-03 | F48: 1 | H48: 4.85 | I48: 3 | J48: =F48*I48*-1*H48 -> -14.55 | Q48: Solid Block 250mm | T48: Sliding Door
E49: Solid Block 350mm | F49: 1 | G49: =4.93+1.2 -> 6.13 | I49: =I47 -> 3.2 | J49: =F49*G49*I49 -> 19.616 | Q49: Solid Block 350mm
E50: Solid Block 100mm | F50: 1 | G50: 0.62 | I50: =I49 -> 3.2 | J50: =F50*G50*I50 -> 1.984 | Q50: Solid Block 100mm
D51: Staircase Side | E51: Solid Block 250mm | F51: 1 | G51: =1.48+1.41+2.71 -> 5.6 | I51: =I45 -> 3.7 | J51: =F51*G51*I51 -> 20.72 | Q51: Solid Block 250mm
E52: Beam for Steps
D53: Guest Room | E53: Thermal Block 300mm | F53: 1 | G53: =2.39+7.61+1.21 -> 11.21 | I53: 3.5 | J53: =F53*G53*I53 -> 39.235 | Q53: Thermal Block 300mm
E54: Solid Block 250mm | F54: 1 | G54: 5.86 | I54: 3.5 | J54: =F54*G54*I54 -> 20.51 | Q54: Solid Block 250mm
E55: Solid Block 150mm | F55: 1 | G55: =1.93+1.23+1.7+2.65 -> 7.51 | I55: 3.7 | J55: =F55*G55*I55 -> 27.787 | Q55: Solid Block 150mm
E56: Solid Block 150mm, GD01 | F56: 1 | Q56: Solid Block 150mm
E57: Solid Block 150mm, GD02 | F57: 1 | Q57: Solid Block 150mm
E58: Solid Block 100mm | F58: 1 | G58: =1.32+0.28+0.61 -> 2.21 | I58: 3.7 | J58: =F58*G58*I58 -> 8.177 | Q58: Solid Block 100mm
D59: Right Wing | E59: Thermal Block 300mm | F59: 1 | G59: =0.97+5.11+2.87+3.05+2.28+5.19+2.45+3.13+3.51+4.86+0.54+0.29 -> 34.25 | I59: 3.5 | J59: =F59*G59*I59 -> 119.875 | Q59: Thermal Block 300mm
E60: Thermal Block 300mm, EXT-GF-15 | F60: 1 | H60: 3.55 | I60: 3.3 | J60: =F60*I60*-1*H60 -> -11.715 | Q60: Thermal Block 300mm
E61: Thermal Block 300mm, EXT-GF-14 | F61: 1 | H61: 0.9 | I61: 3 | J61: =F61*I61*-1*H61 -> -2.7 | Q61: Thermal Block 300mm | T61: Door Wood Hinged | U61: Stone Cladding (A-ST-02 Finish)
E62: Thermal Block 300mm, EXT-GF-13 | F62: 1 | H62: 1.5 | I62: 3.3 | J62: =F62*I62*-1*H62 -> -4.95 | Q62: Thermal Block 300mm
E63: Thermal Block 300mm, EXT-GF-09 | F63: 1 | H63: 3.6 | I63: 3.45 | J63: =F63*I63*-1*H63 -> -12.42 | Q63: Thermal Block 300mm
E64: Solid Block 300mm | F64: 1 | G64: =3.78+5.76 -> 9.54 | I64: =I58 -> 3.7 | J64: =F64*G64*I64 -> 35.298 | Q64: Solid Block 300mm
E65: Solid Block 250mm | F65: 1 | G65: =0.61+8+0.6+1.23+2.1+0.62+0.09+0.24 -> 13.49 | I65: =I64 -> 3.7 | J65: =F65*G65*I65 -> 49.913 | Q65: Solid Block 250mm
E66: Solid Block 250mm, GW-01 | F66: 1 | Q66: Solid Block 250mm
E67: Solid Block 250mm, GD-06 | F67: 1 | Q67: Solid Block 250mm
E68: Solid Block 100mm | F68: 1 | G68: =0.97+0.97+0.46+0.8+0.8+0.45+0.65+2.11+3.08+0.77+1.39+0.73+0.4+1.78+1.77+1.5 -> 18.63 | I68: =I65 -> 3.7 | J68: =F68*G68*I68 -> 68.931 | Q68: Solid Block 100mm
E69: Solid Block 150mm | F69: 1 | G69: =1.4+0.35+4.36+2.94 -> 9.05 | I69: =I65 -> 3.7 | J69: =F69*G69*I69 -> 33.485 | Q69: Solid Block 150mm
E70: Solid Block 150mm, GD-04 | F70: 1 | Q70: Solid Block 150mm
E71: Solid Block 150mm, GD-05 | F71: 1 | Q71: Solid Block 150mm
D72: LIFT | E72: Solid Block 200mm | F72: 1 | G72: =1.85+0.95 -> 2.8 | I72: =I69 -> 3.7 | J72: =F72*G72*I72 -> 10.36
D73: LIFT | E73: Solid Block 200mm | F73: 1 | H73: 0.9 | I73: 3.45 | J73: =F73*I73*-1*H73 -> -3.105
B75: FIRST FLOOR
B76: Externally
A77: 1 | B77: 269-A-06-02 | C77: R0 | E77: Thermal Block 300mm | F77: 1 | G77: 55.8 | I77: 3.35 | J77: =F77*G77*I77 -> 186.93 | Q77: Thermal Block 300mm
E78: Solid Block 250mm | F78: 1 | G78: 11.4 | I78: 3.35 | J78: =F78*G78*I78 -> 38.19 | Q78: Solid Block 250mm
B79: Internally
E80: Solid Block 100mm | F80: 1 | G80: 25.9 | I80: 3.6 | J80: =F80*G80*I80 -> 93.24
E81: Solid Block 150mm | F81: 1 | G81: =48+0.6 -> 48.6 | I81: 3.6 | J81: =F81*G81*I81 -> 174.96
E82: Solid Block 200mm | F82: 1 | G82: 6.1 | I82: 3.6 | J82: =F82*G82*I82 -> 21.96
E83: Solid Block 250mm | F83: 1 | G83: 4.5 | I83: 3.6 | J83: =F83*G83*I83 -> 16.2
E84: Solid Block 300mm | F84: 1 | G84: 18.8 | I84: 3.6 | J84: =F84*G84*I84 -> 67.68
E85: Solid Block 350mm | F85: 1 | G85: 18.9 | I85: 3.6 | J85: =F85*G85*I85 -> 68.04
E86: FD-09 | F86: 1 | Q86: Solid Block 150mm
E87: FD-10 | F87: 1 | Q87: Solid Block 250mm
E88: FD-13 | F88: 1 | K88: =J88*I88 -> 0 | L88: =F88*2*(G88+H88)*I88 -> 0 | N88: =L88 -> 0 | O88: =J88 -> 0 | P88: =L88 -> 0 | Q88: Solid Block 150mm
E89: FD-14 | F89: 1 | K89: =J89*I89 -> 0 | L89: =F89*2*(G89+H89)*I89 -> 0 | N89: =L89 -> 0 | O89: =J89 -> 0 | P89: =L89 -> 0 | Q89: Solid Block 150mm
E90: FD-12 | F90: 1 | Q90: Solid Block 150mm
E91: FD-13 | F91: 1 | Q91: Solid Block 100mm
E92: FD-04 | F92: 1 | Q92: Solid Block 300mm
E93: FD-05 | F93: 1 | Q93: Solid Block 150mm
E94: FD-01 | F94: 1 | Q94: Solid Block 150mm
E95: FD-02 | F95: 1 | Q95: Solid Block 150mm
B97: ROOF FLOOR
B98: Externally
A99: 1 | B99: 269-A-06-02 | C99: R0 | E99: Thermal Block 300mm | F99: 1 | G99: 55.8 | I99: 3.35 | J99: =F99*G99*I99 -> 186.93 | Q99: Thermal Block 300mm
E100: Solid Block 250mm | F100: 1 | G100: 11.4 | I100: 3.35 | J100: =F100*G100*I100 -> 38.19 | Q100: Solid Block 250mm
B101: Internally
K110: =J110*I110 -> 0 | L110: =F110*2*(G110+H110)*I110 -> 0 | N110: =L110 -> 0 | O110: =J110 -> 0 | P110: =L110 -> 0
K111: =J111*I111 -> 0 | L111: =F111*2*(G111+H111)*I111 -> 0 | N111: =L111 -> 0 | O111: =J111 -> 0 | P111: =L111 -> 0
K112: =J112*I112 -> 0 | L112: =F112*2*(G112+H112)*I112 -> 0 | N112: =L112 -> 0 | O112: =J112 -> 0 | P112: =L112 -> 0
E114: TOTAL | J114: =SUM(#REF!) -> #REF! | K114: =SUM(#REF!) -> #REF! | L114: =SUM(#REF!) -> #REF! | M114: =SUM(#REF!) -> #REF! | N114: =SUM(#REF!) -> #REF! | O114: =SUM(#REF!) -> #REF! | P114: =SUM(#REF!) -> #REF!
